"product_id","barcode","product_name","brand","category","subcategory","recommendation_group","serving_size_g","energy_kcal_100g","protein_g_100g","carbs_g_100g","sugar_g_100g","added_sugar_g_100g","total_fat_g_100g","saturated_fat_g_100g","trans_fat_g_100g","fiber_g_100g","sodium_mg_100g","salt_g_100g","ingredients_text","ingredient_count","contains_whole_grain","contains_added_sugar","contains_artificial_sweetener","contains_allergen","allergens","processing_level","food_score","score_version","data_source","verified"
"AAR0001","8901000000001","SunriseFarm Digestive Biscuits","SunriseFarm","Biscuits & Cookies","Digestive Biscuits","biscuits_cookies","28.0","449.9","7.7","69.2","35.0","11.9","14.8","10.7","0.2","2.3","600.0","1.53","Refined wheat flour, sugar, palm oil, glucose syrup, emulsifiers, artificial flavours, salt","9","true","true","false","true","soy","ultra_processed","30","v1.0","synthetic_v2","false"
"AAR0002","8901000000002","NutriCo Digestive Biscuits","NutriCo","Biscuits & Cookies","Digestive Biscuits","biscuits_cookies","30.0","442.3","4.2","50.2","10.1","3.5","17.6","3.3","0","7.2","450.0","1.14","Corn grits, sugar, artificial colours, sodium benzoate, artificial flavours","6","true","true","false","true","soy","ultra_processed","51","v1.0","synthetic_v2","false"
"AAR0003","8901000000003","SlimChoice High Fiber","SlimChoice","Biscuits & Cookies","High Fiber","biscuits_cookies","34.0","418.7","8.2","54.8","21.4","7.9","14.5","4.2","0.3","3.5","288.0","0.73","Refined flour, palm oil, MSG, hydrolyzed soy protein, artificial flavours, salt","7","true","true","false","true","milk,soy","ultra_processed","45","v1.0","synthetic_v2","false"
"AAR0004","8901000000004","QuickMeal Crackers Premium","QuickMeal","Biscuits & Cookies","Crackers","biscuits_cookies","28.0","441.3","4.1","53.4","16.0","16.0","16.9","5.7","0.1","0","272.0","0.69","Skimmed milk, sugar, stabilizers, flavours, live cultures","14","true","true","false","true","wheat,gluten,milk","processed","47","v1.0","synthetic_v2","false"
"AAR0005","8901000000005","HarvestGold Millet Biscuits","HarvestGold","Biscuits & Cookies","Millet Biscuits","biscuits_cookies","32.0","445.3","4.5","66.6","10.1","5.9","19.1","9.1","0.2","1.4","334.0","0.85","Rolled oats, dried fruits, seeds, honey, coconut oil","13","true","true","false","true","milk","minimally_processed","55","v1.0","synthetic_v2","false"
"AAR0006","8901000000006","HealthFirst High Fiber","HealthFirst","Biscuits & Cookies","High Fiber","biscuits_cookies","32.0","420.6","7.6","55.1","2.0","2.0","22.8","5.8","0.2","4.4","283.0","0.72","Puffed quinoa, amaranth, seeds, coconut sugar, cinnamon","15","false","true","false","false","","minimally_processed","64","v1.0","synthetic_v2","false"
"AAR0007","8901000000007","GrainMart Butter Cookies","GrainMart","Biscuits & Cookies","Butter Cookies","biscuits_cookies","37.0","433.9","11.1","43.0","26.6","15.4","14.5","6.3","0","3.0","564.0","1.43","Refined wheat flour, sugar, palm oil, glucose syrup, emulsifiers, artificial flavours, salt","9","false","true","false","true","nuts","ultra_processed","36","v1.0","synthetic_v2","false"
"AAR0008","8901000000008","CleanEat Glucose Biscuits Premium","CleanEat","Biscuits & Cookies","Glucose Biscuits","biscuits_cookies","28.0","410.7","7.0","71.3","17.3","7.2","18.6","6.3","0.2","1.7","331.0","0.84","Rice flour, corn grits, sunflower oil, spice mix, salt, citric acid","6","true","true","false","true","wheat,gluten,soy","processed","50","v1.0","synthetic_v2","false"
"AAR0009","8901000000009","HarvestGold Butter Cookies","HarvestGold","Biscuits & Cookies","Butter Cookies","biscuits_cookies","39.0","443.9","8.5","64.0","14.0","0.0","13.9","5.0","0.0","3.1","573.0","1.46","Refined flour, palm oil, MSG, hydrolyzed soy protein, artificial flavours, salt","11","false","false","false","true","milk","ultra_processed","41","v1.0","synthetic_v2","false"
"AAR0010","8901000000010","SwiftGrain Oatmeal Cookies","SwiftGrain","Biscuits & Cookies","Oatmeal Cookies","biscuits_cookies","36.0","442.7","7.9","48.6","13.7","12.5","28.3","5.4","0.1","3.4","205.0","0.52","Rice flour, corn grits, sunflower oil, spice mix, salt, citric acid","13","false","true","false","true","wheat,gluten","processed","53","v1.0","synthetic_v2","false"
"AAR0011","8901000000011","SpiceBlend Millet Biscuits","SpiceBlend","Biscuits & Cookies","Millet Biscuits","biscuits_cookies","22.0","458.7","6.2","75.2","0.0","0.0","27.0","3.0","0.0","3.7","396.0","1.01","Corn grits, sugar, artificial colours, sodium benzoate, artificial flavours","11","true","false","false","true","wheat,gluten,soy","ultra_processed","53","v1.0","synthetic_v2","false"
"AAR0012","8901000000012","CleanEat High Fiber","CleanEat","Biscuits & Cookies","High Fiber","biscuits_cookies","22.0","403.1","8.9","56.6","35.4","6.0","14.4","8.4","0","4.1","749.0","1.91","Corn syrup, sugar, artificial colours, sodium benzoate, citric acid, preservatives","11","true","true","false","true","soy","ultra_processed","33","v1.0","synthetic_v2","false"
"AAR0013","8901000000013","TrailBlaze High Fiber","TrailBlaze","Biscuits & Cookies","High Fiber","biscuits_cookies","32.0","442.8","9.6","54.1","0.8","0.8","17.5","6.8","0.1","1.8","415.0","1.06","Chickpeas, sunflower oil, spice blend, salt, lemon juice powder","8","true","false","false","true","milk,soy","processed","59","v1.0","synthetic_v2","false"
"AAR0014","8901000000014","FitBite Digestive Biscuits","FitBite","Biscuits & Cookies","Digestive Biscuits","biscuits_cookies","34.0","491.0","8.9","54.5","20.6","3.2","19.9","9.5","0.0","5.9","442.0","1.12","Chickpeas, sunflower oil, spice blend, salt, lemon juice powder","16","true","true","false","true","oats,nuts","processed","52","v1.0","synthetic_v2","false"
"AAR0015","8901000000015","HarvestGold High Fiber Premium","HarvestGold","Biscuits & Cookies","High Fiber","biscuits_cookies","29.0","427.6","6.5","56.9","5.8","5.8","17.7","6.8","0.2","3.5","598.0","1.52","Whole wheat flour, oats, seeds, jaggery, sunflower oil, salt","19","false","true","false","true","soy","minimally_processed","57","v1.0","synthetic_v2","false"
"AAR0016","8901000000016","SwiftGrain Butter Cookies Premium","SwiftGrain","Biscuits & Cookies","Butter Cookies","biscuits_cookies","28.0","453.8","6.3","55.4","22.6","12.0","19.6","7.4","0.1","1.4","199.0","0.51","Refined wheat flour, sugar, palm oil, glucose syrup, emulsifiers, artificial flavours, salt","13","false","true","false","true","wheat,gluten,soy","ultra_processed","36","v1.0","synthetic_v2","false"
"AAR0017","8901000000017","DairyPure Crackers","DairyPure","Biscuits & Cookies","Crackers","biscuits_cookies","35.0","441.4","5.5","65.4","17.9","4.0","16.8","6.2","0","4.4","464.0","1.18","Chickpeas, sunflower oil, spice blend, salt, lemon juice powder","14","false","true","false","true","peanuts,sesame","processed","48","v1.0","synthetic_v2","false"
"AAR0018","8901000000018","CleanEat Butter Cookies","CleanEat","Biscuits & Cookies","Butter Cookies","biscuits_cookies","28.0","393.7","6.1","68.1","22.9","19.9","35.3","7.7","0.2","5.9","621.0","1.58","Sugar, vegetable fat, skim milk powder, glucose syrup, emulsifiers, artificial vanilla","13","false","true","false","true","milk,soy","ultra_processed","38","v1.0","synthetic_v2","false"
"AAR0019","8901000000019","HarvestGold Digestive Biscuits","HarvestGold","Biscuits & Cookies","Digestive Biscuits","biscuits_cookies","30.0","411.8","7.5","60.1","17.8","17.8","6.7","6.7","0","2.3","706.0","1.8","Corn grits, sugar, artificial colours, sodium benzoate, artificial flavours","7","true","true","false","true","peanuts,sesame","ultra_processed","39","v1.0","synthetic_v2","false"
"AAR0020","8901000000020","HealthFirst Butter Cookies Premium","HealthFirst","Biscuits & Cookies","Butter Cookies","biscuits_cookies","27.0","413.5","9.4","58.2","16.2","12.4","12.7","12.4","0.2","0","408.0","1.04","Brown rice, lentils, vegetables, spices, salt","13","false","true","false","true","soy","minimally_processed","49","v1.0","synthetic_v2","false"
"AAR0021","8901000000021","BakeMaster Glucose Biscuits","BakeMaster","Biscuits & Cookies","Glucose Biscuits","biscuits_cookies","24.0","411.2","7.8","68.0","22.7","1.2","14.3","4.6","0.0","7.9","441.0","1.12","Almonds, cashews, raisins, sunflower seeds, salt","13","false","true","false","false","","minimally_processed","58","v1.0","synthetic_v2","false"
"AAR0022","8901000000022","NutriPulse Oatmeal Cookies","NutriPulse","Biscuits & Cookies","Oatmeal Cookies","biscuits_cookies","14.0","498.7","10.1","51.8","11.0","11.0","12.5","7.3","0.2","1.2","482.0","1.23","Corn syrup, sugar, artificial colours, sodium benzoate, citric acid, preservatives","7","false","true","false","true","milk","ultra_processed","41","v1.0","synthetic_v2","false"
"AAR0023","8901000000023","SlimChoice Oatmeal Cookies","SlimChoice","Biscuits & Cookies","Oatmeal Cookies","biscuits_cookies","25.0","427.4","5.5","77.1","0","0","16.7","10.3","0","6.4","382.0","0.97","Rice flour, corn grits, sunflower oil, spice mix, salt, citric acid","12","true","false","false","true","soy","processed","62","v1.0","synthetic_v2","false"
"AAR0024","8901000000024","HealthFirst Digestive Biscuits Premium","HealthFirst","Biscuits & Cookies","Digestive Biscuits","biscuits_cookies","29.0","441.0","6.8","64.6","12.1","12.1","19.3","10.8","0","8.8","113.0","0.29","Sugar, vegetable fat, skim milk powder, glucose syrup, emulsifiers, artificial vanilla","12","true","true","true","true","wheat,gluten","ultra_processed","51","v1.0","synthetic_v2","false"
"AAR0025","8901000000025","EarthFoods Oatmeal Cookies","EarthFoods","Biscuits & Cookies","Oatmeal Cookies","biscuits_cookies","34.0","443.4","6.8","62.3","9.1","6.7","20.2","7.1","0.0","5.7","426.0","1.08","Rolled oats, dried fruits, seeds, honey, coconut oil","12","true","true","false","true","milk,soy","minimally_processed","63","v1.0","synthetic_v2","false"
"AAR0026","8901000000026","GreenLeaf Oatmeal Cookies Premium","GreenLeaf","Biscuits & Cookies","Oatmeal Cookies","biscuits_cookies","29.0","410.1","6.9","70.0","24.1","14.2","16.6","9.8","0.0","4.9","455.0","1.16","Sugar, vegetable fat, skim milk powder, glucose syrup, emulsifiers, artificial vanilla","14","true","true","true","true","oats,nuts","ultra_processed","37","v1.0","synthetic_v2","false"
"AAR0027","8901000000027","SunriseFarm Glucose Biscuits","SunriseFarm","Biscuits & Cookies","Glucose Biscuits","biscuits_cookies","26.0","459.8","9.6","74.4","14.2","14.2","14.4","7.0","0.1","3.7","469.0","1.19","Whole wheat flour, refined flour, sugar, vegetable oil, salt, yeast, emulsifiers","17","false","true","false","true","wheat,gluten,milk","processed","51","v1.0","synthetic_v2","false"
"AAR0028","8901000000028","FitBite Millet Biscuits","FitBite","Biscuits & Cookies","Millet Biscuits","biscuits_cookies","35.0","404.8","5.6","73.3","21.9","17.6","19.1","6.0","0.0","3.7","278.0","0.71","Rice flour, corn grits, sunflower oil, spice mix, salt, citric acid","10","true","true","false","true","milk","processed","50","v1.0","synthetic_v2","false"
"AAR0029","8901000000029","DairyPure Cream Sandwich","DairyPure","Biscuits & Cookies","Cream Sandwich","biscuits_cookies","23.0","410.2","7.4","67.3","8.4","4.6","17.2","6.7","0.0","2.3","415.0","1.06","Chickpeas, sunflower oil, spice blend, salt, lemon juice powder","6","false","true","false","true","milk","processed","52","v1.0","synthetic_v2","false"
"AAR0030","8901000000030","HealthFirst Digestive Biscuits Premium","HealthFirst","Biscuits & Cookies","Digestive Biscuits","biscuits_cookies","32.0","413.4","7.6","66.5","28.8","19.7","15.2","5.9","0","3.5","337.0","0.86","Almonds, cashews, raisins, sunflower seeds, salt","8","false","true","false","true","milk,soy","minimally_processed","49","v1.0","synthetic_v2","false"
"AAR0031","8901000000031","SpiceBlend Oatmeal Cookies Premium","SpiceBlend","Biscuits & Cookies","Oatmeal Cookies","biscuits_cookies","30.0","450.6","11.1","63.1","18.0","18.0","14.0","6.7","0.1","3.7","264.0","0.67","Skimmed milk, sugar, stabilizers, flavours, live cultures","12","true","true","false","true","wheat,gluten","processed","55","v1.0","synthetic_v2","false"
"AAR0032","8901000000032","ProSnack Glucose Biscuits","ProSnack","Biscuits & Cookies","Glucose Biscuits","biscuits_cookies","19.0","478.5","9.9","81.2","6.3","6.3","16.9","12.6","0.0","1.4","290.0","0.74","Skimmed milk, sugar, stabilizers, flavours, live cultures","9","false","true","false","true","soy","processed","51","v1.0","synthetic_v2","false"
"AAR0033","8901000000033","QuickMeal Cream Sandwich Premium","QuickMeal","Biscuits & Cookies","Cream Sandwich","biscuits_cookies","36.0","412.2","8.3","66.7","32.8","20.6","13.1","3.3","0.1","0.2","655.0","1.67","Whole wheat flour, oats, seeds, jaggery, sunflower oil, salt","9","false","true","false","true","soy","minimally_processed","41","v1.0","synthetic_v2","false"
"AAR0034","8901000000034","GrainMart Digestive Biscuits","GrainMart","Biscuits & Cookies","Digestive Biscuits","biscuits_cookies","25.0","383.6","10.7","63.1","31.7","0.0","13.0","6.0","0.1","2.4","615.0","1.57","Refined wheat flour, sugar, palm oil, glucose syrup, emulsifiers, artificial flavours, salt","10","false","false","false","true","milk,soy","ultra_processed","33","v1.0","synthetic_v2","false"
"AAR0035","8901000000035","PureNature Butter Cookies","PureNature","Biscuits & Cookies","Butter Cookies","biscuits_cookies","36.0","438.6","9.0","69.7","3.4","0.0","22.4","7.0","0.0","7.4","517.0","1.31","Refined wheat flour, sugar, palm oil, glucose syrup, emulsifiers, artificial flavours, salt","11","true","false","false","true","oats,nuts","ultra_processed","56","v1.0","synthetic_v2","false"
"AAR0036","8901000000036","TrailBlaze Oatmeal Cookies","TrailBlaze","Biscuits & Cookies","Oatmeal Cookies","biscuits_cookies","24.0","496.8","11.5","62.0","28.4","21.4","22.8","3.1","0.2","6.1","151.0","0.38","Corn syrup, sugar, artificial colours, sodium benzoate, citric acid, preservatives","4","false","true","false","false","","ultra_processed","44","v1.0","synthetic_v2","false"
"AAR0037","8901000000037","QuickMeal Cream Sandwich","QuickMeal","Biscuits & Cookies","Cream Sandwich","biscuits_cookies","20.0","426.9","9.4","76.0","17.6","17.6","9.1","0.9","0.1","4.5","488.0","1.24","Sugar, vegetable fat, skim milk powder, glucose syrup, emulsifiers, artificial vanilla","10","true","true","false","true","milk,soy","ultra_processed","48","v1.0","synthetic_v2","false"
"AAR0038","8901000000038","NutriCo Butter Cookies","NutriCo","Biscuits & Cookies","Butter Cookies","biscuits_cookies","27.0","395.9","9.3","66.9","4.6","4.6","10.7","5.8","0.2","1.0","456.0","1.16","Whole wheat flour, refined flour, sugar, vegetable oil, salt, yeast, emulsifiers","8","false","true","false","true","wheat,gluten,milk","processed","53","v1.0","synthetic_v2","false"
"AAR0039","8901000000039","DesiGood Cream Sandwich Premium","DesiGood","Biscuits & Cookies","Cream Sandwich","biscuits_cookies","33.0","431.8","5.9","59.6","2.4","2.4","16.2","3.9","0.1","3.2","451.0","1.15","Sugar, vegetable fat, skim milk powder, glucose syrup, emulsifiers, artificial vanilla","13","false","true","false","true","wheat,gluten,soy","ultra_processed","47","v1.0","synthetic_v2","false"
"AAR0040","8901000000040","HarvestGold Cream Sandwich Premium","HarvestGold","Biscuits & Cookies","Cream Sandwich","biscuits_cookies","45.0","419.1","6.8","61.8","0","0","22.8","10.9","0.1","4.9","427.0","1.09","Whole wheat flour, oats, seeds, jaggery, sunflower oil, salt","14","false","false","false","true","soy","minimally_processed","62","v1.0","synthetic_v2","false"
"AAR0041","8901000000041","SwiftGrain Cream Sandwich","SwiftGrain","Biscuits & Cookies","Cream Sandwich","biscuits_cookies","30.0","431.2","6.1","51.1","19.2","6.2","8.9","4.1","0","7.7","666.0","1.69","Corn syrup, sugar, artificial colours, sodium benzoate, citric acid, preservatives","15","false","true","false","true","wheat,gluten,milk","ultra_processed","43","v1.0","synthetic_v2","false"
"AAR0042","8901000000042","HarvestGold Cream Sandwich","HarvestGold","Biscuits & Cookies","Cream Sandwich","biscuits_cookies","23.0","437.3","6.3","76.2","19.4","2.7","15.0","3.4","0","5.8","666.0","1.7","Rolled oats, dried fruits, seeds, honey, coconut oil","12","true","true","false","true","peanuts,sesame","minimally_processed","57","v1.0","synthetic_v2","false"
"AAR0043","8901000000043","HealthFirst Digestive Biscuits","HealthFirst","Biscuits & Cookies","Digestive Biscuits","biscuits_cookies","27.0","415.5","7.0","59.3","5.4","5.4","11.8","6.8","0.1","2.9","244.0","0.62","Whole wheat flour, refined flour, sugar, vegetable oil, salt, yeast, emulsifiers","13","false","true","false","true","wheat,gluten","processed","55","v1.0","synthetic_v2","false"
"AAR0044","8901000000044","CleanEat Crackers Premium","CleanEat","Biscuits & Cookies","Crackers","biscuits_cookies","22.0","450.0","6.0","64.8","21.5","0","18.7","4.0","0.2","1.6","109.0","0.28","Chickpeas, sunflower oil, spice blend, salt, lemon juice powder","11","true","false","false","true","milk","processed","50","v1.0","synthetic_v2","false"
"AAR0045","8901000000045","FitBite Digestive Biscuits","FitBite","Biscuits & Cookies","Digestive Biscuits","biscuits_cookies","35.0","442.8","6.2","69.1","0.0","0.0","9.9","4.0","0.1","1.3","419.0","1.07","Refined wheat flour, sugar, palm oil, glucose syrup, emulsifiers, artificial flavours, salt","9","false","false","false","true","soy","ultra_processed","46","v1.0","synthetic_v2","false"
"AAR0046","8901000000046","SweetNature Crackers","SweetNature","Biscuits & Cookies","Crackers","biscuits_cookies","30.0","460.1","5.7","68.2","34.1","0.0","12.0","7.7","0.1","4.4","376.0","0.96","Sugar, vegetable fat, skim milk powder, glucose syrup, emulsifiers, artificial vanilla","10","true","false","false","true","wheat,gluten","ultra_processed","35","v1.0","synthetic_v2","false"
"AAR0047","8901000000047","SwiftGrain Oatmeal Cookies","SwiftGrain","Biscuits & Cookies","Oatmeal Cookies","biscuits_cookies","34.0","470.0","8.5","66.7","9.9","7.6","13.8","7.2","0.1","4.2","691.0","1.76","Chickpeas, sunflower oil, spice blend, salt, lemon juice powder","10","false","true","false","true","oats,nuts","processed","50","v1.0","synthetic_v2","false"
"AAR0048","8901000000048","PureNature Oatmeal Cookies Premium","PureNature","Biscuits & Cookies","Oatmeal Cookies","biscuits_cookies","34.0","471.0","7.2","47.7","4.7","0.0","14.2","6.1","0.3","4.3","451.0","1.15","Corn grits, sugar, artificial colours, sodium benzoate, artificial flavours","4","false","false","false","true","wheat,gluten","ultra_processed","47","v1.0","synthetic_v2","false"
"AAR0049","8901000000049","SweetNature Millet Biscuits Premium","SweetNature","Biscuits & Cookies","Millet Biscuits","biscuits_cookies","28.0","442.1","9.5","52.2","30.5","18.0","13.9","7.9","0.3","4.0","542.0","1.38","Corn grits, sugar, artificial colours, sodium benzoate, artificial flavours","8","false","true","false","true","peanuts,sesame","ultra_processed","34","v1.0","synthetic_v2","false"
"AAR0050","8901000000050","SpiceBlend Butter Cookies Premium","SpiceBlend","Biscuits & Cookies","Butter Cookies","biscuits_cookies","28.0","459.9","6.3","64.6","11.0","11.0","17.7","9.1","0.0","2.8","303.0","0.77","Sugar, vegetable fat, skim milk powder, glucose syrup, emulsifiers, artificial vanilla","12","false","true","false","true","milk","ultra_processed","42","v1.0","synthetic_v2","false"
"AAR0051","8901000000051","SlimChoice Oatmeal Cookies","SlimChoice","Biscuits & Cookies","Oatmeal Cookies","biscuits_cookies","33.0","457.7","6.2","71.0","27.6","15.7","25.4","3.7","0","0","604.0","1.54","Oats, milk powder, sugar, malt extract, salt, vitamins","10","true","true","false","true","wheat,gluten,soy","processed","40","v1.0","synthetic_v2","false"
"AAR0052","8901000000052","CrunchWave Cream Sandwich","CrunchWave","Biscuits & Cookies","Cream Sandwich","biscuits_cookies","39.0","443.4","5.7","83.6","18.4","15.6","19.6","7.4","0.1","1.5","586.0","1.49","Sugar, vegetable fat, skim milk powder, glucose syrup, emulsifiers, artificial vanilla","15","false","true","false","true","soy","ultra_processed","34","v1.0","synthetic_v2","false"
"AAR0053","8901000000053","EarthFoods Butter Cookies","EarthFoods","Biscuits & Cookies","Butter Cookies","biscuits_cookies","25.0","482.8","7.0","56.1","15.2","15.0","21.5","0.9","0.3","3.1","411.0","1.05","Corn syrup, sugar, artificial colours, sodium benzoate, citric acid, preservatives","6","false","true","false","true","wheat,gluten,milk","ultra_processed","42","v1.0","synthetic_v2","false"
"AAR0054","8901000000054","SweetNature Millet Biscuits","SweetNature","Biscuits & Cookies","Millet Biscuits","biscuits_cookies","16.0","459.7","8.1","53.7","1.0","1.0","24.3","5.2","0","2.9","339.0","0.86","Chickpeas, sunflower oil, spice blend, salt, lemon juice powder","10","false","false","false","true","oats,nuts","processed","57","v1.0","synthetic_v2","false"
"AAR0055","8901000000055","NutriPulse Digestive Biscuits","NutriPulse","Biscuits & Cookies","Digestive Biscuits","biscuits_cookies","31.0","428.1","9.4","78.8","25.3","9.6","10.5","10.5","0.1","3.5","376.0","0.96","Brown rice, lentils, vegetables, spices, salt","10","false","true","false","true","soy","minimally_processed","50","v1.0","synthetic_v2","false"
"AAR0056","8901000000056","SwiftGrain Puffed Rice Premium","SwiftGrain","Chips & Namkeen","Puffed Rice","chips_namkeen","36.0","435.6","6.0","51.4","1.4","0.2","29.6","5.0","0.3","0","646.0","1.65","Oats, milk powder, sugar, malt extract, salt, vitamins","2","false","false","false","true","wheat,gluten,milk","processed","49","v1.0","synthetic_v2","false"
"AAR0057","8901000000057","MorningBest Roasted Nuts","MorningBest","Chips & Namkeen","Roasted Nuts","chips_namkeen","27.0","449.4","7.0","26.7","0.7","0","54.3","9.7","0.3","7.0","247.0","0.63","Rice flour, corn grits, sunflower oil, spice mix, salt, citric acid","8","false","false","false","true","milk,soy","processed","61","v1.0","synthetic_v2","false"
"AAR0058","8901000000058","SwiftGrain Roasted Nuts Premium","SwiftGrain","Chips & Namkeen","Roasted Nuts","chips_namkeen","33.0","396.7","12.9","47.7","1.9","1.9","34.7","4.6","0.3","0.7","561.0","1.43","Oats, milk powder, sugar, malt extract, salt, vitamins","6","true","true","false","false","","processed","59","v1.0","synthetic_v2","false"
"AAR0059","8901000000059","ProSnack Potato Chips","ProSnack","Chips & Namkeen","Potato Chips","chips_namkeen","24.0","489.6","2.1","68.6","2.4","0.7","43.7","3.2","0","0","559.0","1.42","Chickpeas, sunflower oil, spice blend, salt, lemon juice powder","12","false","false","false","false","","processed","47","v1.0","synthetic_v2","false"
"AAR0060","8901000000060","DairyPure Popcorn","DairyPure","Chips & Namkeen","Popcorn","chips_namkeen","28.0","345.1","18.3","55.8","2.7","0.6","34.0","5.8","0.3","4.9","477.0","1.21","Rice flour, corn grits, sunflower oil, spice mix, salt, citric acid","6","false","false","false","true","milk","processed","66","v1.0","synthetic_v2","false"
"AAR0061","8901000000061","PowerFuel Lentil Snacks","PowerFuel","Chips & Namkeen","Lentil Snacks","chips_namkeen","31.0","488.5","0","27.7","5.2","2.4","25.2","6.1","0.2","2.6","310.0","0.79","Rice flour, corn grits, sunflower oil, spice mix, salt, citric acid","4","false","true","false","true","wheat,gluten,milk","processed","49","v1.0","synthetic_v2","false"
"AAR0062","8901000000062","QuickMeal Bhujia","QuickMeal","Chips & Namkeen","Bhujia","chips_namkeen","27.0","494.5","0","70.5","4.4","2.6","42.7","12.7","0.3","0","220.0","0.56","Chickpeas, sunflower oil, spice blend, salt, lemon juice powder","7","true","true","false","true","milk","processed","47","v1.0","synthetic_v2","false"
"AAR0063","8901000000063","DairyPure Puffed Rice","DairyPure","Chips & Namkeen","Puffed Rice","chips_namkeen","25.0","501.1","5.0","55.4","0.8","0.6","6.9","2.3","0","1.1","832.0","2.12","Refined flour, palm oil, MSG, hydrolyzed soy protein, artificial flavours, salt","14","false","false","false","true","oats,nuts","ultra_processed","41","v1.0","synthetic_v2","false"
"AAR0064","8901000000064","CleanEat Makhana","CleanEat","Chips & Namkeen","Makhana","chips_namkeen","30.0","499.6","10.0","36.5","5.1","0.6","29.8","16.2","0.1","8.5","323.0","0.82","Skimmed milk, sugar, stabilizers, flavours, live cultures","12","false","false","false","true","wheat,gluten,milk","processed","59","v1.0","synthetic_v2","false"
"AAR0065","8901000000065","DairyPure Roasted Legumes","DairyPure","Chips & Namkeen","Roasted Legumes","chips_namkeen","30.0","432.4","19.0","64.7","1.3","1.3","42.6","8.5","0","2.0","405.0","1.03","Almonds, cashews, raisins, sunflower seeds, salt","8","false","true","false","true","wheat,gluten,milk","minimally_processed","67","v1.0","synthetic_v2","false"
"AAR0066","8901000000066","SwiftGrain Popcorn","SwiftGrain","Chips & Namkeen","Popcorn","chips_namkeen","32.0","480.7","1.7","58.8","4.8","3.4","44.2","9.3","0.2","4.3","151.0","0.38","Almonds, cashews, raisins, sunflower seeds, salt","7","false","true","false","true","wheat,gluten,soy","minimally_processed","58","v1.0","synthetic_v2","false"
"AAR0067","8901000000067","SweetNature Roasted Legumes Premium","SweetNature","Chips & Namkeen","Roasted Legumes","chips_namkeen","30.0","486.3","2.0","32.5","6.2","1.9","38.2","6.1","0.2","7.8","357.0","0.91","Skimmed milk, sugar, stabilizers, flavours, live cultures","5","false","true","false","true","milk,soy","processed","56","v1.0","synthetic_v2","false"
"AAR0068","8901000000068","CleanEat Bhujia","CleanEat","Chips & Namkeen","Bhujia","chips_namkeen","35.0","443.9","7.3","56.0","1.6","1.6","14.6","5.3","0.1","9.6","485.0","1.24","Rice flour, corn grits, sunflower oil, spice mix, salt, citric acid","2","false","true","false","true","milk","processed","64","v1.0","synthetic_v2","false"
"AAR0069","8901000000069","NutriPulse Puffed Rice","NutriPulse","Chips & Namkeen","Puffed Rice","chips_namkeen","38.0","486.0","13.9","53.5","6.2","0.7","49.1","15.2","0.1","2.9","712.0","1.81","Chickpeas, sunflower oil, spice blend, salt, lemon juice powder","5","false","false","false","true","wheat,gluten,soy","processed","50","v1.0","synthetic_v2","false"
"AAR0070","8901000000070","SlimChoice Makhana","SlimChoice","Chips & Namkeen","Makhana","chips_namkeen","35.0","444.8","7.5","27.8","0.2","0","16.5","5.9","0.2","9.9","270.0","0.69","Whole wheat flour, oats, seeds, jaggery, sunflower oil, salt","6","true","false","false","true","nuts","minimally_processed","75","v1.0","synthetic_v2","false"
"AAR0071","8901000000071","BakeMaster Tortilla Chips","BakeMaster","Chips & Namkeen","Tortilla Chips","chips_namkeen","27.0","467.0","12.7","31.8","4.1","2.4","35.4","7.2","0.4","2.3","354.0","0.9","Skimmed milk, sugar, stabilizers, flavours, live cultures","5","true","true","false","true","oats,nuts","processed","60","v1.0","synthetic_v2","false"
"AAR0072","8901000000072","TrailBlaze Potato Chips","TrailBlaze","Chips & Namkeen","Potato Chips","chips_namkeen","38.0","431.8","15.5","77.6","1.6","0.0","35.1","3.8","0.2","5.2","230.0","0.59","Refined flour, palm oil, MSG, hydrolyzed soy protein, artificial flavours, salt","12","true","false","false","true","oats,nuts","ultra_processed","62","v1.0","synthetic_v2","false"
"AAR0073","8901000000073","HarvestGold Roasted Legumes Premium","HarvestGold","Chips & Namkeen","Roasted Legumes","chips_namkeen","30.0","433.2","6.9","57.1","4.0","3.6","58.2","5.3","0.1","0","318.0","0.81","Skimmed milk, sugar, stabilizers, flavours, live cultures","12","false","true","false","true","peanuts,sesame","processed","52","v1.0","synthetic_v2","false"
"AAR0074","8901000000074","MorningBest Roasted Nuts","MorningBest","Chips & Namkeen","Roasted Nuts","chips_namkeen","33.0","438.9","10.2","51.7","6.6","6.6","20.0","4.0","0.3","6.9","782.0","1.99","Skimmed milk, sugar, stabilizers, flavours, live cultures","5","false","true","false","true","milk,soy","processed","58","v1.0","synthetic_v2","false"
"AAR0075","8901000000075","NutriCo Roasted Legumes Premium","NutriCo","Chips & Namkeen","Roasted Legumes","chips_namkeen","36.0","505.4","15.1","66.8","5.4","5.4","45.5","11.5","0.2","3.9","619.0","1.58","Refined flour, palm oil, MSG, hydrolyzed soy protein, artificial flavours, salt","4","false","true","false","true","wheat,gluten,milk","ultra_processed","47","v1.0","synthetic_v2","false"
"AAR0076","8901000000076","PureNature Popcorn","PureNature","Chips & Namkeen","Popcorn","chips_namkeen","28.0","492.1","6.8","52.5","6.8","2.5","28.7","0.6","0.2","6.8","839.0","2.14","Almonds, cashews, raisins, sunflower seeds, salt","7","false","true","false","true","nuts","minimally_processed","60","v1.0","synthetic_v2","false"
"AAR0077","8901000000077","EarthFoods Roasted Nuts Premium","EarthFoods","Chips & Namkeen","Roasted Nuts","chips_namkeen","31.0","485.0","17.7","50.3","3.8","3.5","30.8","4.2","0.2","8.3","265.0","0.67","Whole wheat flour, refined flour, sugar, vegetable oil, salt, yeast, emulsifiers","4","false","true","false","true","peanuts,sesame","processed","70","v1.0","synthetic_v2","false"
"AAR0078","8901000000078","GrainMart Roasted Legumes Premium","GrainMart","Chips & Namkeen","Roasted Legumes","chips_namkeen","32.0","541.7","0.6","41.9","4.1","4.1","27.0","3.8","0.4","0","54.0","0.14","Whole wheat flour, refined flour, sugar, vegetable oil, salt, yeast, emulsifiers","5","false","true","false","true","wheat,gluten,milk","processed","49","v1.0","synthetic_v2","false"
"AAR0079","8901000000079","QuickMeal Bhujia Premium","QuickMeal","Chips & Namkeen","Bhujia","chips_namkeen","22.0","408.7","12.9","56.4","1.6","0.0","41.1","8.6","0.1","11.0","335.0","0.85","Refined wheat flour, sugar, palm oil, glucose syrup, emulsifiers, artificial flavours, salt","4","false","false","false","true","milk","ultra_processed","62","v1.0","synthetic_v2","false"
"AAR0080","8901000000080","DairyPure Bhujia","DairyPure","Chips & Namkeen","Bhujia","chips_namkeen","33.0","467.3","10.3","47.7","4.1","0","49.7","5.7","0.3","5.7","532.0","1.35","Chickpeas, sunflower oil, spice blend, salt, lemon juice powder","8","false","false","false","true","milk,soy","processed","59","v1.0","synthetic_v2","false"
"AAR0081","8901000000081","PureNature Puffed Rice Premium","PureNature","Chips & Namkeen","Puffed Rice","chips_namkeen","31.0","508.6","16.3","55.5","5.1","1.8","49.6","3.3","0.4","4.4","192.0","0.49","Oats, milk powder, sugar, malt extract, salt, vitamins","4","true","true","false","true","wheat,gluten","processed","67","v1.0","synthetic_v2","false"
"AAR0082","8901000000082","SpiceBlend Roasted Nuts Premium","SpiceBlend","Chips & Namkeen","Roasted Nuts","chips_namkeen","25.0","520.4","5.4","44.0","0","0","0","0","0.0","7.3","527.0","1.34","Rice flour, corn grits, sunflower oil, spice mix, salt, citric acid","6","true","false","false","false","","processed","64","v1.0","synthetic_v2","false"
"AAR0083","8901000000083","SwiftGrain Lentil Snacks","SwiftGrain","Chips & Namkeen","Lentil Snacks","chips_namkeen","25.0","469.8","2.6","79.1","5.6","1.4","28.4","6.8","0","3.6","327.0","0.83","Whole wheat flour, oats, seeds, jaggery, sunflower oil, salt","6","true","true","false","false","","minimally_processed","60","v1.0","synthetic_v2","false"
"AAR0084","8901000000084","SwiftGrain Roasted Nuts","SwiftGrain","Chips & Namkeen","Roasted Nuts","chips_namkeen","34.0","577.9","12.5","41.7","4.7","4.7","41.9","6.2","0.1","6.9","521.0","1.33","Whole wheat flour, refined flour, sugar, vegetable oil, salt, yeast, emulsifiers","8","false","true","false","true","wheat,gluten,soy","processed","60","v1.0","synthetic_v2","false"
"AAR0085","8901000000085","FitBite Popcorn","FitBite","Chips & Namkeen","Popcorn","chips_namkeen","28.0","533.0","6.1","75.7","4.3","4.3","17.7","12.9","0.2","2.2","472.0","1.2","Corn grits, sugar, artificial colours, sodium benzoate, artificial flavours","8","false","true","false","true","milk","ultra_processed","40","v1.0","synthetic_v2","false"
"AAR0086","8901000000086","CleanEat Roasted Legumes","CleanEat","Chips & Namkeen","Roasted Legumes","chips_namkeen","29.0","501.4","5.8","51.6","9.4","6.3","34.5","6.2","0.2","6.6","266.0","0.68","Skimmed milk, sugar, stabilizers, flavours, live cultures","2","false","true","false","true","soy","processed","56","v1.0","synthetic_v2","false"
"AAR0087","8901000000087","MorningBest Lentil Snacks Premium","MorningBest","Chips & Namkeen","Lentil Snacks","chips_namkeen","35.0","494.0","12.6","43.3","7.7","0","6.0","6.0","0.3","10.4","367.0","0.93","Oats, milk powder, sugar, malt extract, salt, vitamins","6","false","false","false","true","wheat,gluten,milk","processed","66","v1.0","synthetic_v2","false"
"AAR0088","8901000000088","DairyPure Bhujia","DairyPure","Chips & Namkeen","Bhujia","chips_namkeen","27.0","459.6","13.9","63.7","0.0","0.0","48.7","3.5","0.2","6.2","646.0","1.64","Sugar, vegetable fat, skim milk powder, glucose syrup, emulsifiers, artificial vanilla","4","false","false","false","true","milk","ultra_processed","56","v1.0","synthetic_v2","false"
"AAR0089","8901000000089","CrunchWave Bhujia Premium","CrunchWave","Chips & Namkeen","Bhujia","chips_namkeen","24.0","468.5","15.5","61.8","1.9","1.9","0","0","0","3.2","248.0","0.63","Puffed quinoa, amaranth, seeds, coconut sugar, cinnamon","10","false","true","false","false","","minimally_processed","70","v1.0","synthetic_v2","false"
"AAR0090","8901000000090","QuickMeal Roasted Legumes","QuickMeal","Chips & Namkeen","Roasted Legumes","chips_namkeen","38.0","441.9","10.9","51.2","4.4","2.2","8.8","8.8","0.1","0","373.0","0.95","Chickpeas, sunflower oil, spice blend, salt, lemon juice powder","9","false","true","false","true","milk","processed","52","v1.0","synthetic_v2","false"
"AAR0091","8901000000091","CleanEat Popcorn Premium","CleanEat","Chips & Namkeen","Popcorn","chips_namkeen","30.0","449.1","7.1","46.2","11.0","3.6","34.5","10.1","0.2","3.6","539.0","1.37","Corn grits, sugar, artificial colours, sodium benzoate, artificial flavours","6","false","true","true","true","peanuts,sesame","ultra_processed","38","v1.0","synthetic_v2","false"
"AAR0092","8901000000092","ProSnack Bhujia","ProSnack","Chips & Namkeen","Bhujia","chips_namkeen","40.0","513.7","9.3","65.2","2.8","2.2","0","0","0.0","8.0","0","0.0","Chickpeas, sunflower oil, spice blend, salt, lemon juice powder","6","false","true","false","true","soy","processed","69","v1.0","synthetic_v2","false"
"AAR0093","8901000000093","MorningBest Roasted Legumes","MorningBest","Chips & Namkeen","Roasted Legumes","chips_namkeen","31.0","536.5","3.3","63.0","0","0","56.7","5.2","0.2","7.5","539.0","1.37","Oats, milk powder, sugar, malt extract, salt, vitamins","8","false","false","false","true","peanuts,sesame","processed","58","v1.0","synthetic_v2","false"
"AAR0094","8901000000094","MorningBest Bhujia","MorningBest","Chips & Namkeen","Bhujia","chips_namkeen","32.0","614.2","8.7","55.6","6.2","4.8","45.8","8.6","0.0","10.2","244.0","0.62","Brown rice, lentils, vegetables, spices, salt","4","false","true","false","true","milk,soy","minimally_processed","67","v1.0","synthetic_v2","false"
"AAR0095","8901000000095","EarthFoods Popcorn Premium","EarthFoods","Chips & Namkeen","Popcorn","chips_namkeen","33.0","466.2","10.8","57.8","4.3","4.3","34.8","5.0","0.3","8.7","229.0","0.58","Rolled oats, dried fruits, seeds, honey, coconut oil","9","false","true","false","true","soy","minimally_processed","71","v1.0","synthetic_v2","false"
"AAR0096","8901000000096","QuickMeal Puffed Rice","QuickMeal","Chips & Namkeen","Puffed Rice","chips_namkeen","25.0","452.1","16.6","49.3","3.4","1.6","28.2","1.6","0","10.1","298.0","0.76","Whole wheat flour, refined flour, sugar, vegetable oil, salt, yeast, emulsifiers","2","false","true","false","true","peanuts,sesame","processed","73","v1.0","synthetic_v2","false"
"AAR0097","8901000000097","EarthFoods Makhana","EarthFoods","Chips & Namkeen","Makhana","chips_namkeen","23.0","431.7","1.7","81.6","7.2","0.4","61.8","9.9","0.1","0","1121.0","2.85","Refined flour, palm oil, MSG, hydrolyzed soy protein, artificial flavours, salt","2","true","false","false","true","milk,soy","ultra_processed","32","v1.0","synthetic_v2","false"
"AAR0098","8901000000098","TrailBlaze Potato Chips","TrailBlaze","Chips & Namkeen","Potato Chips","chips_namkeen","26.0","531.4","22.4","76.9","4.7","3.5","40.8","9.0","0.2","4.9","439.0","1.12","Brown rice, lentils, vegetables, spices, salt","6","false","true","false","true","wheat,gluten,soy","minimally_processed","69","v1.0","synthetic_v2","false"
"AAR0099","8901000000099","GreenLeaf Lentil Snacks","GreenLeaf","Chips & Namkeen","Lentil Snacks","chips_namkeen","25.0","368.4","8.5","34.2","0.0","0.0","48.9","9.7","0","1.0","805.0","2.05","Refined wheat flour, sugar, palm oil, glucose syrup, emulsifiers, artificial flavours, salt","6","true","false","false","false","","ultra_processed","45","v1.0","synthetic_v2","false"
"AAR0100","8901000000100","HealthFirst Lentil Snacks Premium","HealthFirst","Chips & Namkeen","Lentil Snacks","chips_namkeen","31.0","503.0","3.7","53.9","0","0","32.8","0","0.2","4.4","549.0","1.4","Rolled oats, dried fruits, seeds, honey, coconut oil","11","true","false","false","true","oats,nuts","minimally_processed","64","v1.0","synthetic_v2","false"
"AAR0101","8901000000101","PowerFuel Bhujia","PowerFuel","Chips & Namkeen","Bhujia","chips_namkeen","24.0","477.5","6.6","54.2","4.6","2.1","28.6","3.2","0.1","0","765.0","1.95","Chickpeas, sunflower oil, spice blend, salt, lemon juice powder","4","false","true","false","true","peanuts,sesame","processed","47","v1.0","synthetic_v2","false"
"AAR0102","8901000000102","TrailBlaze Lentil Snacks","TrailBlaze","Chips & Namkeen","Lentil Snacks","chips_namkeen","33.0","426.9","13.9","46.7","8.0","0.4","32.2","2.7","0.4","0.3","658.0","1.67","Corn grits, sugar, artificial colours, sodium benzoate, artificial flavours","8","false","false","false","true","nuts","ultra_processed","45","v1.0","synthetic_v2","false"
"AAR0103","8901000000103","PureNature Puffed Rice","PureNature","Chips & Namkeen","Puffed Rice","chips_namkeen","26.0","458.9","8.3","52.8","2.6","2.6","61.2","3.8","0","4.2","914.0","2.33","Whole wheat flour, refined flour, sugar, vegetable oil, salt, yeast, emulsifiers","11","false","true","false","true","milk,soy","processed","53","v1.0","synthetic_v2","false"
"AAR0104","8901000000104","ProSnack Popcorn","ProSnack","Chips & Namkeen","Popcorn","chips_namkeen","30.0","570.7","6.0","62.2","7.9","1.1","24.9","3.7","0.0","2.2","230.0","0.58","Skimmed milk, sugar, stabilizers, flavours, live cultures","4","false","true","false","true","peanuts,sesame","processed","52","v1.0","synthetic_v2","false"
"AAR0105","8901000000105","EarthFoods Bhujia Premium","EarthFoods","Chips & Namkeen","Bhujia","chips_namkeen","26.0","484.0","0.4","58.0","5.5","0","33.6","10.9","0.0","10.4","525.0","1.34","Almonds, cashews, raisins, sunflower seeds, salt","6","false","false","false","true","nuts","minimally_processed","60","v1.0","synthetic_v2","false"
"AAR0106","8901000000106","CleanEat Bhujia","CleanEat","Chips & Namkeen","Bhujia","chips_namkeen","36.0","503.5","9.4","61.7","0.2","0.2","6.8","5.6","0.0","1.9","672.0","1.71","Whole wheat flour, oats, seeds, jaggery, sunflower oil, salt","8","false","false","false","true","milk,soy","minimally_processed","58","v1.0","synthetic_v2","false"
"AAR0107","8901000000107","HarvestGold Lentil Snacks Premium","HarvestGold","Chips & Namkeen","Lentil Snacks","chips_namkeen","34.0","404.5","7.3","73.8","3.4","3.4","33.9","6.8","0.1","5.0","423.0","1.08","Almonds, cashews, raisins, sunflower seeds, salt","9","false","true","false","true","peanuts,sesame","minimally_processed","63","v1.0","synthetic_v2","false"
"AAR0108","8901000000108","NutriPulse Lentil Snacks","NutriPulse","Chips & Namkeen","Lentil Snacks","chips_namkeen","30.0","422.8","1.7","18.9","4.5","0","0","0","0.0","4.5","601.0","1.53","Almonds, cashews, raisins, sunflower seeds, salt","6","false","false","false","true","soy","minimally_processed","58","v1.0","synthetic_v2","false"
"AAR0109","8901000000109","SweetNature Potato Chips Premium","SweetNature","Chips & Namkeen","Potato Chips","chips_namkeen","30.0","525.1","7.4","56.8","4.0","0.3","42.9","5.3","0.1","6.4","288.0","0.73","Whole wheat flour, refined flour, sugar, vegetable oil, salt, yeast, emulsifiers","6","false","false","false","true","wheat,gluten","processed","60","v1.0","synthetic_v2","false"
"AAR0110","8901000000110","SwiftGrain Potato Chips Premium","SwiftGrain","Chips & Namkeen","Potato Chips","chips_namkeen","27.0","535.2","11.6","51.5","5.5","5.5","36.4","6.0","0","0.8","395.0","1.01","Almonds, cashews, raisins, sunflower seeds, salt","6","false","true","false","true","milk,soy","minimally_processed","58","v1.0","synthetic_v2","false"
"AAR0111","8901000000111","EarthFoods Popcorn","EarthFoods","Chips & Namkeen","Popcorn","chips_namkeen","38.0","473.4","11.9","50.7","4.5","2.2","0","0","0.0","0.3","558.0","1.42","Whole wheat flour, refined flour, sugar, vegetable oil, salt, yeast, emulsifiers","10","false","true","false","true","milk","processed","54","v1.0","synthetic_v2","false"
"AAR0112","8901000000112","MorningBest Roasted Nuts","MorningBest","Chips & Namkeen","Roasted Nuts","chips_namkeen","32.0","457.2","17.2","54.7","2.0","0.5","23.5","4.4","0.2","5.1","450.0","1.15","Oats, milk powder, sugar, malt extract, salt, vitamins","10","true","false","false","true","milk,soy","processed","68","v1.0","synthetic_v2","false"
"AAR0113","8901000000113","ProSnack Popcorn","ProSnack","Chips & Namkeen","Popcorn","chips_namkeen","27.0","527.0","0.8","6.0","5.8","0","24.6","1.3","0","6.4","587.0","1.49","Whole wheat flour, refined flour, sugar, vegetable oil, salt, yeast, emulsifiers","2","false","false","false","true","soy","processed","53","v1.0","synthetic_v2","false"
"AAR0114","8901000000114","EarthFoods Tortilla Chips","EarthFoods","Chips & Namkeen","Tortilla Chips","chips_namkeen","30.0","437.2","11.2","25.4","3.6","2.0","36.7","6.5","0.0","8.7","422.0","1.07","Chickpeas, sunflower oil, spice blend, salt, lemon juice powder","4","false","true","false","true","oats,nuts","processed","65","v1.0","synthetic_v2","false"
"AAR0115","8901000000115","SwiftGrain Potato Chips Premium","SwiftGrain","Chips & Namkeen","Potato Chips","chips_namkeen","27.0","443.4","4.1","48.9","9.7","0.0","3.8","3.8","0.1","2.2","828.0","2.11","Sugar, vegetable fat, skim milk powder, glucose syrup, emulsifiers, artificial vanilla","12","false","false","true","true","soy","ultra_processed","34","v1.0","synthetic_v2","false"
"AAR0116","8901000000116","CleanEat Popcorn","CleanEat","Chips & Namkeen","Popcorn","chips_namkeen","32.0","510.7","6.3","90.8","1.2","1.2","32.5","11.2","0.3","4.6","314.0","0.8","Chickpeas, sunflower oil, spice blend, salt, lemon juice powder","4","true","true","false","true","peanuts,sesame","processed","58","v1.0","synthetic_v2","false"
"AAR0117","8901000000117","DairyPure Lentil Snacks Premium","DairyPure","Chips & Namkeen","Lentil Snacks","chips_namkeen","36.0","590.8","9.8","45.4","3.6","0","13.4","10.8","0.1","0.8","547.0","1.39","Rolled oats, dried fruits, seeds, honey, coconut oil","9","false","false","false","true","wheat,gluten","minimally_processed","53","v1.0","synthetic_v2","false"
"AAR0118","8901000000118","ProSnack Granola","ProSnack","Breakfast Cereals","Granola","breakfast_cereals","35.0","392.9","7.6","53.8","35.4","8.2","4.4","3.5","0.0","9.1","871.0","2.22","Refined flour, palm oil, MSG, hydrolyzed soy protein, artificial flavours, salt","12","false","true","true","true","wheat,gluten,milk","ultra_processed","33","v1.0","synthetic_v2","false"
"AAR0119","8901000000119","GreenLeaf Granola Premium","GreenLeaf","Breakfast Cereals","Granola","breakfast_cereals","56.0","369.4","10.2","83.3","22.3","18.5","10.3","1.0","0","3.8","0.0","0.0","Refined flour, palm oil, MSG, hydrolyzed soy protein, artificial flavours, salt","6","true","true","false","true","oats,nuts","ultra_processed","51","v1.0","synthetic_v2","false"
"AAR0120","8901000000120","DairyPure Oat Porridge","DairyPure","Breakfast Cereals","Oat Porridge","breakfast_cereals","44.0","362.5","8.8","71.1","26.4","22.3","2.9","1.2","0.0","6.6","740.0","1.88","Corn grits, sugar, artificial colours, sodium benzoate, artificial flavours","12","true","true","false","true","soy","ultra_processed","44","v1.0","synthetic_v2","false"
"AAR0121","8901000000121","SweetNature Wheat Puffs","SweetNature","Breakfast Cereals","Wheat Puffs","breakfast_cereals","42.0","384.6","12.4","69.8","0.0","0.0","2.6","0.7","0.0","11.8","369.0","0.94","Sugar, vegetable fat, skim milk powder, glucose syrup, emulsifiers, artificial vanilla","15","false","false","false","true","wheat,gluten","ultra_processed","67","v1.0","synthetic_v2","false"
"AAR0122","8901000000122","DesiGood Ancient Grain","DesiGood","Breakfast Cereals","Ancient Grain","breakfast_cereals","38.0","374.0","16.0","73.7","0.0","0.0","7.2","3.4","0.0","7.0","77.0","0.2","Refined flour, palm oil, MSG, hydrolyzed soy protein, artificial flavours, salt","7","true","false","false","true","soy","ultra_processed","68","v1.0","synthetic_v2","false"
"AAR0123","8901000000123","QuickMeal Bran Flakes Premium","QuickMeal","Breakfast Cereals","Bran Flakes","breakfast_cereals","34.0","353.5","11.0","84.7","17.3","0","7.5","3.3","0","7.0","283.0","0.72","Rice flour, corn grits, sunflower oil, spice mix, salt, citric acid","11","true","false","false","true","oats,nuts","processed","62","v1.0","synthetic_v2","false"
"AAR0124","8901000000124","GrainMart Millet Flakes","GrainMart","Breakfast Cereals","Millet Flakes","breakfast_cereals","29.0","365.0","10.5","59.1","9.8","9.8","3.8","3.8","0","8.3","582.0","1.48","Refined flour, palm oil, MSG, hydrolyzed soy protein, artificial flavours, salt","4","true","true","false","true","oats,nuts","ultra_processed","56","v1.0","synthetic_v2","false"
"AAR0125","8901000000125","GreenLeaf Granola Premium","GreenLeaf","Breakfast Cereals","Granola","breakfast_cereals","48.0","329.9","12.7","62.5","49.3","5.3","6.3","3.8","0.1","14.7","647.0","1.65","Refined wheat flour, sugar, palm oil, glucose syrup, emulsifiers, artificial flavours, salt","11","true","true","false","true","wheat,gluten,soy","ultra_processed","46","v1.0","synthetic_v2","false"
"AAR0126","8901000000126","FitBite Ancient Grain","FitBite","Breakfast Cereals","Ancient Grain","breakfast_cereals","31.0","387.5","8.1","59.8","15.6","10.0","3.5","2.5","0.0","7.8","710.0","1.81","Corn grits, sugar, artificial colours, sodium benzoate, artificial flavours","9","true","true","false","true","oats,nuts","ultra_processed","50","v1.0","synthetic_v2","false"
"AAR0127","8901000000127","MorningBest Wheat Puffs","MorningBest","Breakfast Cereals","Wheat Puffs","breakfast_cereals","38.0","350.1","4.8","67.2","11.7","11.7","8.3","0","0.1","11.8","385.0","0.98","Puffed quinoa, amaranth, seeds, coconut sugar, cinnamon","7","true","true","false","true","wheat,gluten,milk","minimally_processed","73","v1.0","synthetic_v2","false"
"AAR0128","8901000000128","MorningBest Millet Flakes","MorningBest","Breakfast Cereals","Millet Flakes","breakfast_cereals","36.0","358.7","12.2","86.8","36.0","6.1","0.5","0.5","0","8.6","329.0","0.84","Refined wheat flour, sugar, palm oil, glucose syrup, emulsifiers, artificial flavours, salt","5","false","true","false","true","soy","ultra_processed","46","v1.0","synthetic_v2","false"
"AAR0129","8901000000129","CleanEat Oat Porridge","CleanEat","Breakfast Cereals","Oat Porridge","breakfast_cereals","32.0","380.8","8.2","56.3","0","0","13.5","4.0","0","5.4","364.0","0.93","Whole wheat flour, refined flour, sugar, vegetable oil, salt, yeast, emulsifiers","10","true","false","false","true","nuts","processed","66","v1.0","synthetic_v2","false"
"AAR0130","8901000000130","CleanEat Muesli Premium","CleanEat","Breakfast Cereals","Muesli","breakfast_cereals","52.0","387.2","12.6","67.0","10.8","1.2","1.8","1.2","0.0","10.7","135.0","0.34","Oats, milk powder, sugar, malt extract, salt, vitamins","9","true","true","false","true","milk,soy","processed","74","v1.0","synthetic_v2","false"
"AAR0131","8901000000131","MorningBest Corn Flakes Premium","MorningBest","Breakfast Cereals","Corn Flakes","breakfast_cereals","46.0","367.5","7.6","43.8","27.2","20.9","4.2","1.6","0.0","2.0","240.0","0.61","Corn grits, sugar, artificial colours, sodium benzoate, artificial flavours","6","true","true","false","true","milk,soy","ultra_processed","41","v1.0","synthetic_v2","false"
"AAR0132","8901000000132","PureNature Granola","PureNature","Breakfast Cereals","Granola","breakfast_cereals","32.0","375.3","6.1","72.7","12.6","0","10.7","0.4","0","8.2","487.0","1.24","Chickpeas, sunflower oil, spice blend, salt, lemon juice powder","10","false","false","false","true","oats,nuts","processed","59","v1.0","synthetic_v2","false"
"AAR0133","8901000000133","TrailBlaze Ancient Grain","TrailBlaze","Breakfast Cereals","Ancient Grain","breakfast_cereals","21.0","378.7","11.2","69.8","9.0","1.7","5.9","0","0","9.0","443.0","1.13","Skimmed milk, sugar, stabilizers, flavours, live cultures","6","true","true","false","true","peanuts,sesame","processed","69","v1.0","synthetic_v2","false"
"AAR0134","8901000000134","DairyPure Corn Flakes Premium","DairyPure","Breakfast Cereals","Corn Flakes","breakfast_cereals","41.0","383.5","14.6","68.2","5.0","5.0","11.7","0.5","0","5.8","108.0","0.28","Whole wheat flour, oats, seeds, jaggery, sunflower oil, salt","14","false","true","false","true","milk,soy","minimally_processed","74","v1.0","synthetic_v2","false"
"AAR0135","8901000000135","TrailBlaze Bran Flakes","TrailBlaze","Breakfast Cereals","Bran Flakes","breakfast_cereals","37.0","376.1","8.9","65.1","0","0","5.1","1.2","0.2","8.5","145.0","0.37","Skimmed milk, sugar, stabilizers, flavours, live cultures","13","false","false","false","true","peanuts,sesame","processed","71","v1.0","synthetic_v2","false"
"AAR0136","8901000000136","SpiceBlend Oat Porridge Premium","SpiceBlend","Breakfast Cereals","Oat Porridge","breakfast_cereals","44.0","370.8","5.9","77.2","6.8","6.8","10.4","0.8","0.1","7.7","564.0","1.43","Corn syrup, sugar, artificial colours, sodium benzoate, citric acid, preservatives","7","true","true","false","true","wheat,gluten,soy","ultra_processed","55","v1.0","synthetic_v2","false"
"AAR0137","8901000000137","NutriCo Wheat Puffs Premium","NutriCo","Breakfast Cereals","Wheat Puffs","breakfast_cereals","39.0","351.9","12.1","64.7","8.6","0.4","7.4","4.6","0","7.6","534.0","1.36","Whole wheat flour, oats, seeds, jaggery, sunflower oil, salt","11","false","false","false","true","peanuts,sesame","minimally_processed","67","v1.0","synthetic_v2","false"
"AAR0138","8901000000138","HarvestGold Corn Flakes Premium","HarvestGold","Breakfast Cereals","Corn Flakes","breakfast_cereals","43.0","341.4","10.6","66.1","23.8","21.9","17.2","2.4","0.0","8.2","216.0","0.55","Rice flour, corn grits, sunflower oil, spice mix, salt, citric acid","9","false","true","false","true","peanuts,sesame","processed","59","v1.0","synthetic_v2","false"
"AAR0139","8901000000139","SlimChoice Bran Flakes","SlimChoice","Breakfast Cereals","Bran Flakes","breakfast_cereals","32.0","372.2","12.8","57.9","25.5","23.2","5.0","0","0","12.0","276.0","0.7","Whole wheat flour, refined flour, sugar, vegetable oil, salt, yeast, emulsifiers","8","false","true","false","true","milk,soy","processed","64","v1.0","synthetic_v2","false"
"AAR0140","8901000000140","ProSnack Corn Flakes Premium","ProSnack","Breakfast Cereals","Corn Flakes","breakfast_cereals","48.0","389.0","10.9","65.6","10.8","7.3","1.3","1.3","0","11.8","720.0","1.83","Refined wheat flour, sugar, palm oil, glucose syrup, emulsifiers, artificial flavours, salt","8","true","true","false","true","milk,soy","ultra_processed","60","v1.0","synthetic_v2","false"
"AAR0141","8901000000141","SunriseFarm Bran Flakes","SunriseFarm","Breakfast Cereals","Bran Flakes","breakfast_cereals","45.0","378.1","9.4","59.0","19.9","0.0","10.8","0.8","0.0","8.5","303.0","0.77","Corn syrup, sugar, artificial colours, sodium benzoate, citric acid, preservatives","8","true","false","false","true","wheat,gluten,soy","ultra_processed","55","v1.0","synthetic_v2","false"
"AAR0142","8901000000142","PureNature Wheat Puffs","PureNature","Breakfast Cereals","Wheat Puffs","breakfast_cereals","45.0","389.8","6.1","69.3","34.3","0","2.5","2.3","0.0","8.7","368.0","0.94","Oats, milk powder, sugar, malt extract, salt, vitamins","13","false","false","false","true","milk","processed","49","v1.0","synthetic_v2","false"
"AAR0143","8901000000143","FitBite Bran Flakes","FitBite","Breakfast Cereals","Bran Flakes","breakfast_cereals","36.0","378.2","8.9","74.7","40.7","10.4","1.1","1.1","0","0","562.0","1.43","Refined flour, palm oil, MSG, hydrolyzed soy protein, artificial flavours, salt","9","true","true","false","true","nuts","ultra_processed","30","v1.0","synthetic_v2","false"
"AAR0144","8901000000144","HealthFirst Bran Flakes Premium","HealthFirst","Breakfast Cereals","Bran Flakes","breakfast_cereals","36.0","376.3","10.0","75.1","9.8","9.8","4.3","2.6","0.0","4.2","618.0","1.57","Sugar, vegetable fat, skim milk powder, glucose syrup, emulsifiers, artificial vanilla","12","true","true","false","true","milk","ultra_processed","50","v1.0","synthetic_v2","false"
"AAR0145","8901000000145","TrailBlaze Wheat Puffs","TrailBlaze","Breakfast Cereals","Wheat Puffs","breakfast_cereals","48.0","377.2","14.1","65.8","9.2","9.2","4.1","2.7","0","3.8","88.0","0.22","Whole wheat flour, refined flour, sugar, vegetable oil, salt, yeast, emulsifiers","15","false","true","false","true","wheat,gluten,soy","processed","63","v1.0","synthetic_v2","false"
"AAR0146","8901000000146","NutriCo Ancient Grain","NutriCo","Breakfast Cereals","Ancient Grain","breakfast_cereals","18.0","365.4","9.1","68.7","25.8","0.7","6.6","3.0","0.0","8.2","460.0","1.17","Chickpeas, sunflower oil, spice blend, salt, lemon juice powder","12","false","false","false","true","wheat,gluten,soy","processed","54","v1.0","synthetic_v2","false"
"AAR0147","8901000000147","CleanEat Muesli Premium","CleanEat","Breakfast Cereals","Muesli","breakfast_cereals","41.0","351.6","4.9","73.1","28.1","8.6","9.8","3.9","0.1","13.2","414.0","1.05","Almonds, cashews, raisins, sunflower seeds, salt","5","false","true","false","true","peanuts,sesame","minimally_processed","62","v1.0","synthetic_v2","false"
"AAR0148","8901000000148","GrainMart Corn Flakes","GrainMart","Breakfast Cereals","Corn Flakes","breakfast_cereals","34.0","361.8","7.4","89.7","11.1","11.1","8.0","1.6","0.1","5.3","315.0","0.8","Brown rice, lentils, vegetables, spices, salt","6","true","true","false","true","wheat,gluten,milk","minimally_processed","66","v1.0","synthetic_v2","false"
"AAR0149","8901000000149","SpiceBlend Granola","SpiceBlend","Breakfast Cereals","Granola","breakfast_cereals","38.0","352.7","9.4","63.7","6.5","0.0","5.1","0","0.0","7.8","23.0","0.06","Refined flour, palm oil, MSG, hydrolyzed soy protein, artificial flavours, salt","7","false","false","false","true","soy","ultra_processed","61","v1.0","synthetic_v2","false"
"AAR0150","8901000000150","SweetNature Granola","SweetNature","Breakfast Cereals","Granola","breakfast_cereals","49.0","376.0","12.9","49.2","14.3","8.4","8.5","1.8","0","6.4","137.0","0.35","Skimmed milk, sugar, stabilizers, flavours, live cultures","10","false","true","false","false","","processed","63","v1.0","synthetic_v2","false"
"AAR0151","8901000000151","GrainMart Wheat Puffs","GrainMart","Breakfast Cereals","Wheat Puffs","breakfast_cereals","36.0","415.5","9.3","60.9","0.0","0.0","0","0","0.0","2.0","573.0","1.46","Sugar, vegetable fat, skim milk powder, glucose syrup, emulsifiers, artificial vanilla","10","true","false","false","true","nuts","ultra_processed","53","v1.0","synthetic_v2","false"
"AAR0152","8901000000152","BakeMaster Bran Flakes Premium","BakeMaster","Breakfast Cereals","Bran Flakes","breakfast_cereals","38.0","408.3","11.7","65.3","3.2","0","2.3","1.2","0","7.0","294.0","0.75","Almonds, cashews, raisins, sunflower seeds, salt","8","false","false","false","true","wheat,gluten","minimally_processed","72","v1.0","synthetic_v2","false"
"AAR0153","8901000000153","DairyPure Muesli","DairyPure","Breakfast Cereals","Muesli","breakfast_cereals","35.0","372.2","10.6","57.1","28.5","9.0","5.6","2.6","0.0","10.8","332.0","0.84","Whole wheat flour, oats, seeds, jaggery, sunflower oil, salt","11","true","true","false","false","","minimally_processed","66","v1.0","synthetic_v2","false"
"AAR0154","8901000000154","SlimChoice Bran Flakes Premium","SlimChoice","Breakfast Cereals","Bran Flakes","breakfast_cereals","50.0","339.4","9.8","67.7","10.7","8.7","0","0","0.0","8.1","95.0","0.24","Whole wheat flour, oats, seeds, jaggery, sunflower oil, salt","7","false","true","false","true","nuts","minimally_processed","72","v1.0","synthetic_v2","false"
"AAR0155","8901000000155","TrailBlaze Oat Porridge","TrailBlaze","Breakfast Cereals","Oat Porridge","breakfast_cereals","42.0","392.2","10.6","61.5","39.0","0.0","9.6","3.0","0","12.4","306.0","0.78","Corn syrup, sugar, artificial colours, sodium benzoate, citric acid, preservatives","10","false","false","false","true","milk,soy","ultra_processed","47","v1.0","synthetic_v2","false"
"AAR0156","8901000000156","DesiGood Granola","DesiGood","Breakfast Cereals","Granola","breakfast_cereals","31.0","364.6","11.5","75.9","0","0","0","0","0.0","3.7","206.0","0.52","Whole wheat flour, oats, seeds, jaggery, sunflower oil, salt","9","false","false","false","true","wheat,gluten,milk","minimally_processed","71","v1.0","synthetic_v2","false"
"AAR0157","8901000000157","SlimChoice Bran Flakes","SlimChoice","Breakfast Cereals","Bran Flakes","breakfast_cereals","30.0","360.3","11.4","81.1","28.4","4.4","4.6","0","0","10.9","571.0","1.45","Whole wheat flour, oats, seeds, jaggery, sunflower oil, salt","8","true","true","false","true","peanuts,sesame","minimally_processed","66","v1.0","synthetic_v2","false"
"AAR0158","8901000000158","PowerFuel Millet Flakes","PowerFuel","Breakfast Cereals","Millet Flakes","breakfast_cereals","39.0","367.3","10.2","59.9","17.7","5.3","5.4","2.3","0.0","6.0","260.0","0.66","Puffed quinoa, amaranth, seeds, coconut sugar, cinnamon","8","true","true","false","true","milk","minimally_processed","66","v1.0","synthetic_v2","false"
"AAR0159","8901000000159","DairyPure Muesli","DairyPure","Breakfast Cereals","Muesli","breakfast_cereals","27.0","361.5","13.5","73.6","9.7","9.7","4.0","3.3","0.0","7.1","361.0","0.92","Chickpeas, sunflower oil, spice blend, salt, lemon juice powder","6","false","true","false","true","wheat,gluten","processed","64","v1.0","synthetic_v2","false"
"AAR0160","8901000000160","GrainMart Corn Flakes Premium","GrainMart","Breakfast Cereals","Corn Flakes","breakfast_cereals","39.0","338.2","9.9","85.3","37.5","16.4","7.8","0","0","4.7","168.0","0.43","Whole wheat flour, oats, seeds, jaggery, sunflower oil, salt","8","false","true","false","true","oats,nuts","minimally_processed","53","v1.0","synthetic_v2","false"
"AAR0161","8901000000161","HealthFirst Ancient Grain Premium","HealthFirst","Breakfast Cereals","Ancient Grain","breakfast_cereals","30.0","318.5","11.4","57.3","15.6","15.6","1.4","0","0","11.4","632.0","1.61","Whole wheat flour, refined flour, sugar, vegetable oil, salt, yeast, emulsifiers","11","true","true","false","true","milk,soy","processed","68","v1.0","synthetic_v2","false"
"AAR0162","8901000000162","SpiceBlend Bran Flakes Premium","SpiceBlend","Breakfast Cereals","Bran Flakes","breakfast_cereals","42.0","356.4","9.2","94.4","0","0","7.6","3.1","0.0","8.6","210.0","0.53","Rolled oats, dried fruits, seeds, honey, coconut oil","8","true","false","false","true","milk","minimally_processed","78","v1.0","synthetic_v2","false"
"AAR0163","8901000000163","NutriPulse Muesli","NutriPulse","Breakfast Cereals","Muesli","breakfast_cereals","35.0","383.5","8.6","71.8","12.7","12.7","5.3","0","0.1","4.3","162.0","0.41","Rice flour, corn grits, sunflower oil, spice mix, salt, citric acid","14","false","true","false","true","soy","processed","59","v1.0","synthetic_v2","false"
"AAR0164","8901000000164","SweetNature Oat Porridge","SweetNature","Breakfast Cereals","Oat Porridge","breakfast_cereals","38.0","314.6","17.3","78.6","15.5","9.5","6.8","2.3","0.0","9.4","296.0","0.75","Whole wheat flour, refined flour, sugar, vegetable oil, salt, yeast, emulsifiers","9","true","true","false","true","oats,nuts","processed","72","v1.0","synthetic_v2","false"
"AAR0165","8901000000165","SwiftGrain Bran Flakes","SwiftGrain","Breakfast Cereals","Bran Flakes","breakfast_cereals","34.0","363.1","12.3","73.9","0","0","6.4","1.5","0","11.4","451.0","1.15","Whole wheat flour, oats, seeds, jaggery, sunflower oil, salt","11","false","false","false","true","milk","minimally_processed","79","v1.0","synthetic_v2","false"
"AAR0166","8901000000166","HealthFirst Muesli","HealthFirst","Breakfast Cereals","Muesli","breakfast_cereals","46.0","343.7","6.1","61.7","22.5","19.5","7.8","2.6","0.0","5.3","358.0","0.91","Brown rice, lentils, vegetables, spices, salt","12","false","true","false","true","wheat,gluten,soy","minimally_processed","56","v1.0","synthetic_v2","false"
"AAR0167","8901000000167","SwiftGrain Bran Flakes","SwiftGrain","Breakfast Cereals","Bran Flakes","breakfast_cereals","34.0","397.7","11.3","71.5","24.8","9.7","1.5","1.3","0","5.1","254.0","0.65","Whole wheat flour, refined flour, sugar, vegetable oil, salt, yeast, emulsifiers","9","true","true","false","true","oats,nuts","processed","57","v1.0","synthetic_v2","false"
"AAR0168","8901000000168","CrunchWave Wheat Puffs","CrunchWave","Breakfast Cereals","Wheat Puffs","breakfast_cereals","47.0","320.7","10.0","68.0","4.8","4.8","9.7","0","0","4.8","144.0","0.37","Corn grits, sugar, artificial colours, sodium benzoate, artificial flavours","9","true","true","false","true","milk","ultra_processed","60","v1.0","synthetic_v2","false"
"AAR0169","8901000000169","BakeMaster Bran Flakes","BakeMaster","Breakfast Cereals","Bran Flakes","breakfast_cereals","54.0","361.4","4.5","74.4","0.0","0.0","6.7","3.5","0","0","407.0","1.04","Corn syrup, sugar, artificial colours, sodium benzoate, citric acid, preservatives","13","false","false","false","true","oats,nuts","ultra_processed","45","v1.0","synthetic_v2","false"
"AAR0170","8901000000170","HarvestGold Corn Flakes Premium","HarvestGold","Breakfast Cereals","Corn Flakes","breakfast_cereals","40.0","373.2","8.3","76.1","2.8","2.8","7.8","3.1","0.1","8.9","245.0","0.62","Sugar, vegetable fat, skim milk powder, glucose syrup, emulsifiers, artificial vanilla","4","false","true","false","true","milk,soy","ultra_processed","60","v1.0","synthetic_v2","false"
"AAR0171","8901000000171","MorningBest Wheat Puffs","MorningBest","Breakfast Cereals","Wheat Puffs","breakfast_cereals","47.0","350.6","8.5","62.8","17.6","2.2","10.5","1.5","0","6.4","400.0","1.02","Refined wheat flour, sugar, palm oil, glucose syrup, emulsifiers, artificial flavours, salt","7","true","true","true","true","oats,nuts","ultra_processed","48","v1.0","synthetic_v2","false"
"AAR0172","8901000000172","HealthFirst Corn Flakes Premium","HealthFirst","Breakfast Cereals","Corn Flakes","breakfast_cereals","43.0","351.5","8.7","54.5","4.0","4.0","9.4","1.9","0.0","10.5","255.0","0.65","Almonds, cashews, raisins, sunflower seeds, salt","9","true","true","false","true","oats,nuts","minimally_processed","78","v1.0","synthetic_v2","false"
"AAR0173","8901000000173","ProSnack Plant Milk Premium","ProSnack","Beverages","Plant Milk","beverages","213.0","70.9","0","0","0","0","2.9","1.5","0.0","0.3","96.0","0.24","Chickpeas, sunflower oil, spice blend, salt, lemon juice powder","6","false","false","false","false","","processed","59","v1.0","synthetic_v2","false"
"AAR0174","8901000000174","DesiGood Fruit Drink","DesiGood","Beverages","Fruit Drink","beverages","220.0","91.9","8.0","8.7","4.4","4.4","2.2","0","0","0.0","0","0.0","Puffed quinoa, amaranth, seeds, coconut sugar, cinnamon","6","false","true","false","true","wheat,gluten,milk","minimally_processed","68","v1.0","synthetic_v2","false"
"AAR0175","8901000000175","GreenLeaf Protein Shake","GreenLeaf","Beverages","Protein Shake","beverages","157.0","27.8","9.3","12.9","10.4","10.4","0","0","0","0.6","0","0.0","Chickpeas, sunflower oil, spice blend, salt, lemon juice powder","9","false","true","false","true","nuts","processed","62","v1.0","synthetic_v2","false"
"AAR0176","8901000000176","FitBite Protein Shake","FitBite","Beverages","Protein Shake","beverages","217.0","77.6","0","2.2","2.2","0","4.3","0","0.0","0.1","128.0","0.33","Rolled oats, dried fruits, seeds, honey, coconut oil","6","false","false","false","true","milk","minimally_processed","62","v1.0","synthetic_v2","false"
"AAR0177","8901000000177","SlimChoice Fruit Drink","SlimChoice","Beverages","Fruit Drink","beverages","249.0","57.5","0","16.7","4.7","4.7","0","0","0","1.5","186.0","0.47","Corn grits, sugar, artificial colours, sodium benzoate, artificial flavours","6","false","true","true","true","peanuts,sesame","ultra_processed","47","v1.0","synthetic_v2","false"
"AAR0178","8901000000178","ProSnack Sports Drink","ProSnack","Beverages","Sports Drink","beverages","229.0","56.3","4.7","0","0.0","0.0","2.4","0.9","0.0","0.6","165.0","0.42","Corn grits, sugar, artificial colours, sodium benzoate, artificial flavours","5","true","false","false","true","milk,soy","ultra_processed","57","v1.0","synthetic_v2","false"
"AAR0179","8901000000179","PowerFuel Coconut Water","PowerFuel","Beverages","Coconut Water","beverages","154.0","61.1","9.7","0","0","0","1.1","0.7","0.0","0.2","199.0","0.51","Whole wheat flour, refined flour, sugar, vegetable oil, salt, yeast, emulsifiers","4","false","false","false","true","wheat,gluten,soy","processed","64","v1.0","synthetic_v2","false"
"AAR0180","8901000000180","SweetNature Fruit Drink","SweetNature","Beverages","Fruit Drink","beverages","327.0","48.8","0","8.4","8.4","6.1","1.5","0","0","0.1","55.0","0.14","Chickpeas, sunflower oil, spice blend, salt, lemon juice powder","8","false","true","false","true","wheat,gluten,soy","processed","55","v1.0","synthetic_v2","false"
"AAR0181","8901000000181","NutriPulse Protein Shake","NutriPulse","Beverages","Protein Shake","beverages","309.0","10","3.2","14.5","14.5","14.5","0","0","0","0.2","117.0","0.3","Whole wheat flour, refined flour, sugar, vegetable oil, salt, yeast, emulsifiers","6","false","true","false","true","oats,nuts","processed","54","v1.0","synthetic_v2","false"
"AAR0182","8901000000182","HarvestGold Coffee Drink","HarvestGold","Beverages","Coffee Drink","beverages","239.0","35.8","2.8","2.5","2.5","0.0","1.4","1.4","0.0","0.2","67.0","0.17","Refined wheat flour, sugar, palm oil, glucose syrup, emulsifiers, artificial flavours, salt","11","false","false","false","true","oats,nuts","ultra_processed","52","v1.0","synthetic_v2","false"
"AAR0183","8901000000183","PowerFuel Protein Shake","PowerFuel","Beverages","Protein Shake","beverages","261.0","10","9.7","0","0","0","2.2","0","0.0","1.3","0","0.0","Brown rice, lentils, vegetables, spices, salt","5","false","false","false","true","wheat,gluten,soy","minimally_processed","73","v1.0","synthetic_v2","false"
"AAR0184","8901000000184","HealthFirst Coffee Drink","HealthFirst","Beverages","Coffee Drink","beverages","339.0","80.6","2.1","4.2","4.2","4.2","0.6","0.6","0","0","118.0","0.3","Rice flour, corn grits, sunflower oil, spice mix, salt, citric acid","8","false","true","false","true","soy","processed","57","v1.0","synthetic_v2","false"
"AAR0185","8901000000185","CrunchWave Plant Milk Premium","CrunchWave","Beverages","Plant Milk","beverages","376.0","36.2","2.0","0","0.0","0.0","0.1","0.0","0.0","0.1","97.0","0.25","Refined wheat flour, sugar, palm oil, glucose syrup, emulsifiers, artificial flavours, salt","6","false","false","false","true","nuts","ultra_processed","52","v1.0","synthetic_v2","false"
"AAR0186","8901000000186","PureNature Coconut Water","PureNature","Beverages","Coconut Water","beverages","209.0","33.5","0","16.7","6.6","1.5","3.6","1.9","0","0","161.0","0.41","Brown rice, lentils, vegetables, spices, salt","9","false","true","false","true","wheat,gluten,milk","minimally_processed","59","v1.0","synthetic_v2","false"
"AAR0187","8901000000187","DairyPure Traditional Drink Premium","DairyPure","Beverages","Traditional Drink","beverages","369.0","10","6.5","0","0.0","0.0","0","0","0.0","0.4","165.0","0.42","Corn syrup, sugar, artificial colours, sodium benzoate, citric acid, preservatives","2","false","false","false","false","","ultra_processed","55","v1.0","synthetic_v2","false"
"AAR0188","8901000000188","DesiGood Plant Milk","DesiGood","Beverages","Plant Milk","beverages","175.0","152.0","2.5","1.9","0","0","2.8","0.4","0.0","0","79.0","0.2","Oats, milk powder, sugar, malt extract, salt, vitamins","8","false","false","false","true","peanuts,sesame","processed","59","v1.0","synthetic_v2","false"
"AAR0189","8901000000189","PowerFuel Plant Milk","PowerFuel","Beverages","Plant Milk","beverages","143.0","108.2","0","0","0","0","1.8","1.7","0","0.6","175.0","0.45","Whole wheat flour, refined flour, sugar, vegetable oil, salt, yeast, emulsifiers","7","false","false","false","true","wheat,gluten","processed","58","v1.0","synthetic_v2","false"
"AAR0190","8901000000190","HealthFirst Sports Drink","HealthFirst","Beverages","Sports Drink","beverages","290.0","24.7","1.6","13.1","4.1","1.3","1.1","0","0","0.6","0","0.0","Chickpeas, sunflower oil, spice blend, salt, lemon juice powder","8","false","true","false","true","wheat,gluten,milk","processed","60","v1.0","synthetic_v2","false"
"AAR0191","8901000000191","DairyPure Protein Shake","DairyPure","Beverages","Protein Shake","beverages","354.0","10","0","20.7","0.2","0.2","1.9","1.3","0","0.0","194.0","0.49","Skimmed milk, sugar, stabilizers, flavours, live cultures","9","false","false","false","true","wheat,gluten","processed","57","v1.0","synthetic_v2","false"
"AAR0192","8901000000192","MorningBest Coconut Water","MorningBest","Beverages","Coconut Water","beverages","227.0","60.1","0","2.5","2.5","2.5","3.8","1.2","0","0.8","0.0","0.0","Refined wheat flour, sugar, palm oil, glucose syrup, emulsifiers, artificial flavours, salt","7","false","true","false","true","milk","ultra_processed","51","v1.0","synthetic_v2","false"
"AAR0193","8901000000193","NutriPulse Plant Milk","NutriPulse","Beverages","Plant Milk","beverages","290.0","174.7","17.5","15.5","7.8","7.8","2.8","0.2","0.0","0.4","156.0","0.4","Refined flour, palm oil, MSG, hydrolyzed soy protein, artificial flavours, salt","8","false","true","true","true","milk","ultra_processed","54","v1.0","synthetic_v2","false"
"AAR0194","8901000000194","CrunchWave Coffee Drink","CrunchWave","Beverages","Coffee Drink","beverages","184.0","105.3","0","5.0","0","0","2.6","1.0","0.0","0.3","134.0","0.34","Oats, milk powder, sugar, malt extract, salt, vitamins","5","false","false","false","true","oats,nuts","processed","58","v1.0","synthetic_v2","false"
"AAR0195","8901000000195","CleanEat Fruit Drink","CleanEat","Beverages","Fruit Drink","beverages","250.0","96.7","6.2","7.4","7.4","0.0","0.3","0.3","0.0","0.6","109.0","0.28","Sugar, vegetable fat, skim milk powder, glucose syrup, emulsifiers, artificial vanilla","5","false","false","true","true","oats,nuts","ultra_processed","48","v1.0","synthetic_v2","false"
"AAR0196","8901000000196","MorningBest Coffee Drink","MorningBest","Beverages","Coffee Drink","beverages","314.0","96.9","4.1","14.4","3.8","0","3.2","0.0","0","0.6","49.0","0.12","Puffed quinoa, amaranth, seeds, coconut sugar, cinnamon","8","false","false","false","true","wheat,gluten,soy","minimally_processed","65","v1.0","synthetic_v2","false"
"AAR0197","8901000000197","DesiGood Protein Shake","DesiGood","Beverages","Protein Shake","beverages","159.0","96.0","0","20.9","12.1","4.1","1.3","0","0.0","0","0.0","0.0","Sugar, vegetable fat, skim milk powder, glucose syrup, emulsifiers, artificial vanilla","10","false","true","false","true","oats,nuts","ultra_processed","45","v1.0","synthetic_v2","false"
"AAR0198","8901000000198","HealthFirst Carbonated Soft Drink","HealthFirst","Beverages","Carbonated Soft Drink","beverages","317.0","17.2","9.7","5.2","0.0","0.0","3.5","0.3","0","0.4","156.0","0.4","Sugar, vegetable fat, skim milk powder, glucose syrup, emulsifiers, artificial vanilla","11","false","false","false","true","wheat,gluten,soy","ultra_processed","57","v1.0","synthetic_v2","false"
"AAR0199","8901000000199","MorningBest Coconut Water Premium","MorningBest","Beverages","Coconut Water","beverages","236.0","33.4","0","6.3","6.3","0","0","0","0","0.3","19.0","0.05","Brown rice, lentils, vegetables, spices, salt","4","false","false","false","true","nuts","minimally_processed","62","v1.0","synthetic_v2","false"
"AAR0200","8901000000200","FitBite Sports Drink","FitBite","Beverages","Sports Drink","beverages","262.0","108.4","7.2","0","0","0","0","0","0","0","0","0.0","Whole wheat flour, oats, seeds, jaggery, sunflower oil, salt","7","false","false","false","true","soy","minimally_processed","69","v1.0","synthetic_v2","false"
"AAR0201","8901000000201","HarvestGold Coffee Drink","HarvestGold","Beverages","Coffee Drink","beverages","299.0","11.7","2.9","5.1","5.1","5.1","3.7","0","0.0","0.7","0.0","0.0","Corn grits, sugar, artificial colours, sodium benzoate, artificial flavours","11","false","true","false","false","","ultra_processed","52","v1.0","synthetic_v2","false"
"AAR0202","8901000000202","SweetNature Fruit Drink","SweetNature","Beverages","Fruit Drink","beverages","236.0","10","0","19.2","12.2","11.9","1.7","0.9","0","0.8","226.0","0.57","Sugar, vegetable fat, skim milk powder, glucose syrup, emulsifiers, artificial vanilla","6","false","true","false","false","","ultra_processed","44","v1.0","synthetic_v2","false"
"AAR0203","8901000000203","SlimChoice Traditional Drink","SlimChoice","Beverages","Traditional Drink","beverages","264.0","10","4.6","15.1","9.0","9.0","0.3","0.3","0","0.3","86.0","0.22","Corn grits, sugar, artificial colours, sodium benzoate, artificial flavours","5","false","true","false","true","milk","ultra_processed","50","v1.0","synthetic_v2","false"
"AAR0204","8901000000204","DairyPure Traditional Drink Premium","DairyPure","Beverages","Traditional Drink","beverages","268.0","47.1","6.1","6.1","0","0","3.8","0","0.0","0.0","101.0","0.26","Chickpeas, sunflower oil, spice blend, salt, lemon juice powder","6","false","false","false","true","soy","processed","63","v1.0","synthetic_v2","false"
"AAR0205","8901000000205","QuickMeal Coffee Drink Premium","QuickMeal","Beverages","Coffee Drink","beverages","280.0","10","0","1.8","1.3","1.3","0","0","0.0","0.0","99.0","0.25","Whole wheat flour, refined flour, sugar, vegetable oil, salt, yeast, emulsifiers","8","false","true","false","true","peanuts,sesame","processed","58","v1.0","synthetic_v2","false"
"AAR0206","8901000000206","BakeMaster Plant Milk Premium","BakeMaster","Beverages","Plant Milk","beverages","314.0","59.6","5.7","14.3","0.0","0.0","2.8","0","0.0","0.6","82.0","0.21","Sugar, vegetable fat, skim milk powder, glucose syrup, emulsifiers, artificial vanilla","14","false","false","false","true","wheat,gluten,milk","ultra_processed","56","v1.0","synthetic_v2","false"
"AAR0207","8901000000207","EarthFoods Coffee Drink","EarthFoods","Beverages","Coffee Drink","beverages","370.0","10","0","12.7","12.7","4.4","3.9","0","0.0","0","218.0","0.55","Whole wheat flour, oats, seeds, jaggery, sunflower oil, salt","4","false","true","false","true","oats,nuts","minimally_processed","56","v1.0","synthetic_v2","false"
"AAR0208","8901000000208","DairyPure Coconut Water Premium","DairyPure","Beverages","Coconut Water","beverages","175.0","22.0","6.3","6.5","6.5","6.5","0","0","0","0.1","254.0","0.65","Corn syrup, sugar, artificial colours, sodium benzoate, citric acid, preservatives","9","false","true","false","true","oats,nuts","ultra_processed","51","v1.0","synthetic_v2","false"
"AAR0209","8901000000209","HealthFirst Protein Shake","HealthFirst","Beverages","Protein Shake","beverages","427.0","38.3","0.6","17.1","10.7","10.0","2.9","0.2","0","0","14.0","0.04","Oats, milk powder, sugar, malt extract, salt, vitamins","10","true","true","false","true","wheat,gluten,milk","processed","58","v1.0","synthetic_v2","false"
"AAR0210","8901000000210","GrainMart Coffee Drink","GrainMart","Beverages","Coffee Drink","beverages","236.0","10","0","14.3","14.3","11.8","0.5","0.4","0.0","0.3","0.0","0.0","Refined flour, palm oil, MSG, hydrolyzed soy protein, artificial flavours, salt","4","false","true","false","true","milk,soy","ultra_processed","45","v1.0","synthetic_v2","false"
"AAR0211","8901000000211","HealthFirst Fruit Drink","HealthFirst","Beverages","Fruit Drink","beverages","278.0","65.5","16.9","13.3","5.5","5.5","2.0","0.9","0.0","1.3","0","0.0","Chickpeas, sunflower oil, spice blend, salt, lemon juice powder","4","false","true","false","true","milk,soy","processed","70","v1.0","synthetic_v2","false"
"AAR0212","8901000000212","SweetNature Carbonated Soft Drink","SweetNature","Beverages","Carbonated Soft Drink","beverages","237.0","88.3","0","6.2","6.2","6.2","2.8","0","0.0","0","0.0","0.0","Corn grits, sugar, artificial colours, sodium benzoate, artificial flavours","6","false","true","false","true","wheat,gluten","ultra_processed","48","v1.0","synthetic_v2","false"
"AAR0213","8901000000213","HealthFirst Traditional Drink","HealthFirst","Beverages","Traditional Drink","beverages","198.0","200.6","4.2","0","0","0","5.2","0","0","1.2","111.0","0.28","Chickpeas, sunflower oil, spice blend, salt, lemon juice powder","8","false","false","false","false","","processed","61","v1.0","synthetic_v2","false"
"AAR0214","8901000000214","TrailBlaze Carbonated Soft Drink","TrailBlaze","Beverages","Carbonated Soft Drink","beverages","190.0","10","2.0","13.0","13.0","0","1.2","0","0.0","0","47.0","0.12","Whole wheat flour, oats, seeds, jaggery, sunflower oil, salt","8","false","false","false","true","oats,nuts","minimally_processed","59","v1.0","synthetic_v2","false"
"AAR0215","8901000000215","TrailBlaze Coconut Water","TrailBlaze","Beverages","Coconut Water","beverages","267.0","106.5","0.8","10.3","0.0","0.0","0.9","0.9","0","1.0","208.0","0.53","Refined wheat flour, sugar, palm oil, glucose syrup, emulsifiers, artificial flavours, salt","12","false","false","true","true","wheat,gluten,soy","ultra_processed","48","v1.0","synthetic_v2","false"
"AAR0216","8901000000216","PowerFuel Carbonated Soft Drink Premium","PowerFuel","Beverages","Carbonated Soft Drink","beverages","324.0","77.3","3.9","9.5","9.5","9.5","0","0","0","0","97.0","0.25","Refined wheat flour, sugar, palm oil, glucose syrup, emulsifiers, artificial flavours, salt","5","false","true","true","true","milk","ultra_processed","45","v1.0","synthetic_v2","false"
"AAR0217","8901000000217","EarthFoods Plant Milk Premium","EarthFoods","Beverages","Plant Milk","beverages","212.0","52.4","2.3","17.6","0.0","0.0","1.4","1.4","0","0","168.0","0.43","Refined wheat flour, sugar, palm oil, glucose syrup, emulsifiers, artificial flavours, salt","3","false","false","true","true","nuts","ultra_processed","48","v1.0","synthetic_v2","false"
"AAR0218","8901000000218","DesiGood Plant Milk","DesiGood","Beverages","Plant Milk","beverages","286.0","17.5","1.1","4.6","0.0","0.0","3.5","1.2","0","0.2","103.0","0.26","Refined flour, palm oil, MSG, hydrolyzed soy protein, artificial flavours, salt","9","false","false","false","true","milk,soy","ultra_processed","51","v1.0","synthetic_v2","false"
"AAR0219","8901000000219","CleanEat Traditional Drink","CleanEat","Beverages","Traditional Drink","beverages","334.0","10.9","2.4","14.1","14.1","13.1","2.6","0.6","0.0","0.5","14.0","0.04","Refined wheat flour, sugar, palm oil, glucose syrup, emulsifiers, artificial flavours, salt","9","false","true","false","true","milk","ultra_processed","47","v1.0","synthetic_v2","false"
"AAR0220","8901000000220","QuickMeal Fruit Drink Premium","QuickMeal","Beverages","Fruit Drink","beverages","188.0","28.4","0","12.7","11.7","7.4","1.6","1.6","0.0","0.4","155.0","0.4","Rolled oats, dried fruits, seeds, honey, coconut oil","8","false","true","false","true","peanuts,sesame","minimally_processed","57","v1.0","synthetic_v2","false"
"AAR0221","8901000000221","GreenLeaf Carbonated Soft Drink","GreenLeaf","Beverages","Carbonated Soft Drink","beverages","196.0","163.6","0.9","2.4","2.4","0","0","0","0","0.3","152.0","0.39","Oats, milk powder, sugar, malt extract, salt, vitamins","11","false","false","false","true","nuts","processed","57","v1.0","synthetic_v2","false"
"AAR0222","8901000000222","CleanEat Fruit Drink","CleanEat","Beverages","Fruit Drink","beverages","286.0","85.6","7.2","4.1","4.1","0","2.8","0.7","0.0","0","8.0","0.02","Skimmed milk, sugar, stabilizers, flavours, live cultures","4","false","false","false","true","wheat,gluten,soy","processed","62","v1.0","synthetic_v2","false"
"AAR0223","8901000000223","SpiceBlend Traditional Drink","SpiceBlend","Beverages","Traditional Drink","beverages","190.0","82.8","0","17.6","0.0","0.0","2.3","0","0.0","0.4","48.0","0.12","Corn syrup, sugar, artificial colours, sodium benzoate, citric acid, preservatives","2","false","false","false","true","wheat,gluten,soy","ultra_processed","52","v1.0","synthetic_v2","false"
"AAR0224","8901000000224","SunriseFarm Tea RTD","SunriseFarm","Beverages","Tea RTD","beverages","278.0","76.0","0","10.9","5.9","5.9","0.4","0.2","0.0","0.5","105.0","0.27","Rolled oats, dried fruits, seeds, honey, coconut oil","2","false","true","false","true","milk,soy","minimally_processed","61","v1.0","synthetic_v2","false"
"AAR0225","8901000000225","HealthFirst Tea RTD","HealthFirst","Beverages","Tea RTD","beverages","287.0","100.4","5.1","0.8","0.8","0.8","0.7","0.7","0.0","0.8","0","0.0","Rolled oats, dried fruits, seeds, honey, coconut oil","10","false","false","false","true","milk","minimally_processed","68","v1.0","synthetic_v2","false"
"AAR0226","8901000000226","NutriPulse Coffee Drink","NutriPulse","Beverages","Coffee Drink","beverages","201.0","78.2","7.5","28.1","19.4","9.2","3.1","0.6","0.0","0.1","267.0","0.68","Corn syrup, sugar, artificial colours, sodium benzoate, citric acid, preservatives","11","false","true","false","true","wheat,gluten,soy","ultra_processed","44","v1.0","synthetic_v2","false"
"AAR0227","8901000000227","CleanEat Sports Drink Premium","CleanEat","Beverages","Sports Drink","beverages","186.0","85.0","0","13.3","0.0","0.0","2.8","0","0.0","1.3","51.0","0.13","Sugar, vegetable fat, skim milk powder, glucose syrup, emulsifiers, artificial vanilla","11","false","false","true","true","oats,nuts","ultra_processed","50","v1.0","synthetic_v2","false"
"AAR0228","8901000000228","NutriCo Coffee Drink","NutriCo","Beverages","Coffee Drink","beverages","369.0","172.8","2.0","19.1","18.7","0.8","0.0","0.0","0.0","0.6","10.0","0.02","Whole wheat flour, refined flour, sugar, vegetable oil, salt, yeast, emulsifiers","5","false","false","false","true","milk","processed","51","v1.0","synthetic_v2","false"
"AAR0229","8901000000229","CleanEat Coconut Water","CleanEat","Beverages","Coconut Water","beverages","264.0","34.9","3.7","24.0","14.8","8.9","1.9","0.5","0.0","0","56.0","0.14","Whole wheat flour, oats, seeds, jaggery, sunflower oil, salt","3","false","true","false","false","","minimally_processed","59","v1.0","synthetic_v2","false"
"AAR0230","8901000000230","CrunchWave Traditional Drink","CrunchWave","Beverages","Traditional Drink","beverages","182.0","78.2","1.0","25.8","24.7","3.2","0.7","0.4","0","0.4","25.0","0.06","Sugar, vegetable fat, skim milk powder, glucose syrup, emulsifiers, artificial vanilla","8","false","true","false","true","soy","ultra_processed","40","v1.0","synthetic_v2","false"
"AAR0231","8901000000231","SlimChoice Sports Drink Premium","SlimChoice","Beverages","Sports Drink","beverages","238.0","92.8","0","18.1","2.9","2.9","2.6","0.5","0.0","0.0","64.0","0.16","Skimmed milk, sugar, stabilizers, flavours, live cultures","4","true","true","false","true","milk,soy","processed","60","v1.0","synthetic_v2","false"
"AAR0232","8901000000232","FitBite Carbonated Soft Drink","FitBite","Beverages","Carbonated Soft Drink","beverages","178.0","44.4","0","5.6","5.6","4.2","0.5","0.4","0.0","0.7","28.0","0.07","Rice flour, corn grits, sunflower oil, spice mix, salt, citric acid","3","false","true","false","true","milk","processed","58","v1.0","synthetic_v2","false"
"AAR0233","8901000000233","NutriPulse Sports Drink Premium","NutriPulse","Beverages","Sports Drink","beverages","248.0","25.8","0.2","3.1","0.0","0.0","1.4","1.1","0","0.1","8.0","0.02","Refined flour, palm oil, MSG, hydrolyzed soy protein, artificial flavours, salt","4","false","false","true","true","wheat,gluten,milk","ultra_processed","49","v1.0","synthetic_v2","false"
"AAR0234","8901000000234","HealthFirst Traditional Drink Premium","HealthFirst","Beverages","Traditional Drink","beverages","245.0","89.4","0","6.8","6.8","6.8","6.4","0.8","0","0.3","0","0.0","Puffed quinoa, amaranth, seeds, coconut sugar, cinnamon","4","false","true","false","true","wheat,gluten,soy","minimally_processed","61","v1.0","synthetic_v2","false"
"AAR0235","8901000000235","ProSnack Instant Curry Mix Premium","ProSnack","Instant Foods","Instant Curry Mix","instant_foods","56.0","367.5","7.8","60.8","1.8","1.8","5.4","5.2","0.2","5.9","1066.0","2.71","Sugar, vegetable fat, skim milk powder, glucose syrup, emulsifiers, artificial vanilla","5","false","true","false","true","milk,soy","ultra_processed","47","v1.0","synthetic_v2","false"
"AAR0236","8901000000236","QuickMeal Instant Oats Premium","QuickMeal","Instant Foods","Instant Oats","instant_foods","24.0","331.6","13.4","61.5","0","0","15.5","4.4","0.1","7.4","541.0","1.38","Whole wheat flour, refined flour, sugar, vegetable oil, salt, yeast, emulsifiers","8","true","false","false","true","milk","processed","71","v1.0","synthetic_v2","false"
"AAR0237","8901000000237","DairyPure Instant Poha Premium","DairyPure","Instant Foods","Instant Poha","instant_foods","72.0","386.9","8.9","59.6","2.8","2.8","15.1","5.8","0.1","5.4","104.0","0.26","Whole wheat flour, refined flour, sugar, vegetable oil, salt, yeast, emulsifiers","7","false","true","false","false","","processed","63","v1.0","synthetic_v2","false"
"AAR0238","8901000000238","NutriPulse Instant Khichdi Premium","NutriPulse","Instant Foods","Instant Khichdi","instant_foods","68.0","346.5","5.6","56.1","0.7","0.7","4.3","1.7","0.2","1.2","764.0","1.94","Rolled oats, dried fruits, seeds, honey, coconut oil","9","false","false","false","true","oats,nuts","minimally_processed","57","v1.0","synthetic_v2","false"
"AAR0239","8901000000239","CleanEat Instant Poha","CleanEat","Instant Foods","Instant Poha","instant_foods","37.0","318.5","9.1","73.8","4.8","1.1","9.4","0.8","0.2","5.7","563.0","1.43","Puffed quinoa, amaranth, seeds, coconut sugar, cinnamon","8","false","true","false","true","soy","minimally_processed","66","v1.0","synthetic_v2","false"
"AAR0240","8901000000240","DesiGood Instant Mix","DesiGood","Instant Foods","Instant Mix","instant_foods","54.0","356.0","14.9","55.6","5.8","0","4.1","2.5","0.0","1.7","426.0","1.08","Whole wheat flour, oats, seeds, jaggery, sunflower oil, salt","10","false","false","false","true","wheat,gluten","minimally_processed","65","v1.0","synthetic_v2","false"
"AAR0241","8901000000241","PureNature Instant Curry Mix","PureNature","Instant Foods","Instant Curry Mix","instant_foods","52.0","272.9","1.5","55.9","5.8","0","4.5","1.7","0.2","3.3","826.0","2.1","Oats, milk powder, sugar, malt extract, salt, vitamins","4","false","false","false","true","nuts","processed","50","v1.0","synthetic_v2","false"
"AAR0242","8901000000242","HealthFirst Instant Curry Mix","HealthFirst","Instant Foods","Instant Curry Mix","instant_foods","42.0","363.0","10.9","67.1","23.6","0.0","15.6","2.1","0.1","4.4","674.0","1.72","Sugar, vegetable fat, skim milk powder, glucose syrup, emulsifiers, artificial vanilla","11","false","false","false","true","milk,soy","ultra_processed","41","v1.0","synthetic_v2","false"
"AAR0243","8901000000243","PowerFuel Instant Oats","PowerFuel","Instant Foods","Instant Oats","instant_foods","60.0","294.5","13.0","57.8","0.0","0.0","13.3","1.7","0.1","2.3","1258.0","3.2","Corn syrup, sugar, artificial colours, sodium benzoate, citric acid, preservatives","16","false","false","false","true","milk,soy","ultra_processed","47","v1.0","synthetic_v2","false"
"AAR0244","8901000000244","TrailBlaze Instant Poha","TrailBlaze","Instant Foods","Instant Poha","instant_foods","48.0","334.7","12.7","63.0","11.0","0.6","10.7","2.2","0.1","4.8","1009.0","2.57","Sugar, vegetable fat, skim milk powder, glucose syrup, emulsifiers, artificial vanilla","11","false","false","true","false","","ultra_processed","43","v1.0","synthetic_v2","false"
"AAR0245","8901000000245","HarvestGold Instant Khichdi","HarvestGold","Instant Foods","Instant Khichdi","instant_foods","25.0","387.3","13.9","70.7","2.6","0.0","11.8","3.8","0.2","2.7","771.0","1.96","Sugar, vegetable fat, skim milk powder, glucose syrup, emulsifiers, artificial vanilla","9","false","false","false","true","peanuts,sesame","ultra_processed","49","v1.0","synthetic_v2","false"
"AAR0246","8901000000246","ProSnack Instant Khichdi","ProSnack","Instant Foods","Instant Khichdi","instant_foods","68.0","369.9","8.1","68.4","3.2","3.2","1.3","1.3","0","3.9","60.0","0.15","Skimmed milk, sugar, stabilizers, flavours, live cultures","13","false","true","false","true","milk,soy","processed","63","v1.0","synthetic_v2","false"
"AAR0247","8901000000247","QuickMeal Instant Idli Mix","QuickMeal","Instant Foods","Instant Idli Mix","instant_foods","42.0","354.0","16.1","52.5","11.0","6.3","5.8","4.2","0","2.0","449.0","1.14","Oats, milk powder, sugar, malt extract, salt, vitamins","7","true","true","false","true","wheat,gluten,soy","processed","60","v1.0","synthetic_v2","false"
"AAR0248","8901000000248","CrunchWave Instant Mix","CrunchWave","Instant Foods","Instant Mix","instant_foods","64.0","376.7","9.0","65.5","2.0","0.0","8.4","0","0.1","0.4","1866.0","4.75","Sugar, vegetable fat, skim milk powder, glucose syrup, emulsifiers, artificial vanilla","11","true","false","false","true","wheat,gluten,milk","ultra_processed","41","v1.0","synthetic_v2","false"
"AAR0249","8901000000249","FitBite Instant Mix","FitBite","Instant Foods","Instant Mix","instant_foods","48.0","377.9","6.6","67.4","4.8","3.9","13.4","3.6","0.1","0","315.0","0.8","Skimmed milk, sugar, stabilizers, flavours, live cultures","11","false","true","false","false","","processed","53","v1.0","synthetic_v2","false"
"AAR0250","8901000000250","MorningBest Instant Mix Premium","MorningBest","Instant Foods","Instant Mix","instant_foods","55.0","306.1","19.6","77.2","6.4","3.3","5.9","1.1","0.1","5.3","208.0","0.53","Rice flour, corn grits, sunflower oil, spice mix, salt, citric acid","10","false","true","false","true","nuts","processed","71","v1.0","synthetic_v2","false"
"AAR0251","8901000000251","GreenLeaf Instant Idli Mix Premium","GreenLeaf","Instant Foods","Instant Idli Mix","instant_foods","49.0","282.8","6.6","57.9","11.6","4.9","0.3","0.3","0","7.7","501.0","1.27","Skimmed milk, sugar, stabilizers, flavours, live cultures","14","false","true","false","true","wheat,gluten,milk","processed","60","v1.0","synthetic_v2","false"
"AAR0252","8901000000252","QuickMeal Instant Soup","QuickMeal","Instant Foods","Instant Soup","instant_foods","44.0","301.4","4.4","56.2","8.2","0","0","0","0.0","8.1","504.0","1.28","Skimmed milk, sugar, stabilizers, flavours, live cultures","14","true","false","false","true","peanuts,sesame","processed","64","v1.0","synthetic_v2","false"
"AAR0253","8901000000253","ProSnack Instant Idli Mix","ProSnack","Instant Foods","Instant Idli Mix","instant_foods","51.0","283.9","8.4","63.9","7.0","1.4","7.2","0","0.0","5.9","399.0","1.01","Sugar, vegetable fat, skim milk powder, glucose syrup, emulsifiers, artificial vanilla","12","false","true","false","true","peanuts,sesame","ultra_processed","55","v1.0","synthetic_v2","false"
"AAR0254","8901000000254","GrainMart Instant Poha","GrainMart","Instant Foods","Instant Poha","instant_foods","67.0","329.7","10.7","52.4","3.8","3.8","7.8","1.6","0.1","6.6","0.0","0.0","Sugar, vegetable fat, skim milk powder, glucose syrup, emulsifiers, artificial vanilla","9","false","true","false","true","soy","ultra_processed","61","v1.0","synthetic_v2","false"
"AAR0255","8901000000255","BakeMaster Instant Idli Mix","BakeMaster","Instant Foods","Instant Idli Mix","instant_foods","32.0","352.8","14.8","48.3","1.2","1.2","3.1","3.1","0.0","2.8","758.0","1.93","Whole wheat flour, oats, seeds, jaggery, sunflower oil, salt","9","false","true","false","false","","minimally_processed","65","v1.0","synthetic_v2","false"
"AAR0256","8901000000256","SpiceBlend Instant Oats","SpiceBlend","Instant Foods","Instant Oats","instant_foods","31.0","349.5","8.7","61.1","1.9","0","8.6","5.1","0.1","5.2","943.0","2.4","Puffed quinoa, amaranth, seeds, coconut sugar, cinnamon","16","false","false","false","true","soy","minimally_processed","61","v1.0","synthetic_v2","false"
"AAR0257","8901000000257","HarvestGold Instant Soup","HarvestGold","Instant Foods","Instant Soup","instant_foods","20.0","346.1","16.5","54.7","13.6","6.8","9.8","2.9","0.1","8.1","953.0","2.43","Sugar, vegetable fat, skim milk powder, glucose syrup, emulsifiers, artificial vanilla","7","false","true","true","true","milk,soy","ultra_processed","49","v1.0","synthetic_v2","false"
"AAR0258","8901000000258","DesiGood Instant Idli Mix","DesiGood","Instant Foods","Instant Idli Mix","instant_foods","37.0","334.4","11.2","61.4","10.7","0.0","7.7","0","0.2","4.2","1091.0","2.78","Sugar, vegetable fat, skim milk powder, glucose syrup, emulsifiers, artificial vanilla","14","false","false","false","false","","ultra_processed","45","v1.0","synthetic_v2","false"
"AAR0259","8901000000259","TrailBlaze Instant Curry Mix","TrailBlaze","Instant Foods","Instant Curry Mix","instant_foods","31.0","371.3","12.3","60.7","6.3","0.5","11.3","5.0","0.2","2.3","817.0","2.08","Almonds, cashews, raisins, sunflower seeds, salt","12","false","false","false","true","soy","minimally_processed","58","v1.0","synthetic_v2","false"
"AAR0260","8901000000260","GreenLeaf Instant Curry Mix Premium","GreenLeaf","Instant Foods","Instant Curry Mix","instant_foods","66.0","353.5","2.5","50.4","3.5","2.3","1.0","1.0","0.1","3.9","511.0","1.3","Corn syrup, sugar, artificial colours, sodium benzoate, citric acid, preservatives","15","false","true","false","true","oats,nuts","ultra_processed","47","v1.0","synthetic_v2","false"
"AAR0261","8901000000261","HarvestGold Instant Noodles","HarvestGold","Instant Foods","Instant Noodles","instant_foods","49.0","325.5","7.6","66.9","2.6","2.5","10.7","0","0.2","4.7","524.0","1.33","Chickpeas, sunflower oil, spice blend, salt, lemon juice powder","10","false","true","false","false","","processed","61","v1.0","synthetic_v2","false"
"AAR0262","8901000000262","TrailBlaze Instant Noodles","TrailBlaze","Instant Foods","Instant Noodles","instant_foods","48.0","288.1","16.0","62.4","5.8","5.8","1.9","1.9","0.1","7.0","0","0.0","Skimmed milk, sugar, stabilizers, flavours, live cultures","9","false","true","false","false","","processed","73","v1.0","synthetic_v2","false"
"AAR0263","8901000000263","GrainMart Instant Soup","GrainMart","Instant Foods","Instant Soup","instant_foods","34.0","353.0","11.9","54.9","1.2","1.2","2.5","2.5","0.1","0","538.0","1.37","Whole wheat flour, oats, seeds, jaggery, sunflower oil, salt","6","false","true","false","true","nuts","minimally_processed","62","v1.0","synthetic_v2","false"
"AAR0264","8901000000264","DesiGood Instant Khichdi","DesiGood","Instant Foods","Instant Khichdi","instant_foods","44.0","302.9","10.4","75.3","5.3","0.9","9.3","1.8","0.0","1.0","14.0","0.04","Chickpeas, sunflower oil, spice blend, salt, lemon juice powder","11","true","false","false","true","soy","processed","64","v1.0","synthetic_v2","false"
"AAR0265","8901000000265","NutriPulse Instant Noodles","NutriPulse","Instant Foods","Instant Noodles","instant_foods","65.0","337.1","8.3","52.5","7.7","0.0","10.9","1.0","0.0","0.1","636.0","1.62","Corn syrup, sugar, artificial colours, sodium benzoate, citric acid, preservatives","12","true","false","false","true","milk","ultra_processed","46","v1.0","synthetic_v2","false"
"AAR0266","8901000000266","DairyPure Instant Mix Premium","DairyPure","Instant Foods","Instant Mix","instant_foods","44.0","369.4","12.1","51.0","2.7","0.3","13.7","0.7","0.2","7.2","1375.0","3.5","Oats, milk powder, sugar, malt extract, salt, vitamins","13","false","false","false","true","wheat,gluten,soy","processed","58","v1.0","synthetic_v2","false"
"AAR0267","8901000000267","SlimChoice Instant Soup","SlimChoice","Instant Foods","Instant Soup","instant_foods","53.0","408.4","7.5","46.6","0.0","0.0","0","0","0.0","5.1","1094.0","2.78","Sugar, vegetable fat, skim milk powder, glucose syrup, emulsifiers, artificial vanilla","14","false","false","false","true","peanuts,sesame","ultra_processed","48","v1.0","synthetic_v2","false"
"AAR0268","8901000000268","MorningBest Instant Idli Mix","MorningBest","Instant Foods","Instant Idli Mix","instant_foods","61.0","311.4","7.3","54.3","8.8","7.4","9.3","4.3","0","9.5","1636.0","4.16","Sugar, vegetable fat, skim milk powder, glucose syrup, emulsifiers, artificial vanilla","16","false","true","false","true","peanuts,sesame","ultra_processed","45","v1.0","synthetic_v2","false"
"AAR0269","8901000000269","SpiceBlend Instant Khichdi Premium","SpiceBlend","Instant Foods","Instant Khichdi","instant_foods","37.0","290.3","7.9","54.6","6.9","0","10.8","4.6","0.2","5.4","305.0","0.78","Puffed quinoa, amaranth, seeds, coconut sugar, cinnamon","14","false","false","false","true","milk,soy","minimally_processed","66","v1.0","synthetic_v2","false"
"AAR0270","8901000000270","CrunchWave Instant Oats Premium","CrunchWave","Instant Foods","Instant Oats","instant_foods","53.0","363.4","9.8","57.8","0","0","16.6","0.6","0.1","7.5","203.0","0.52","Brown rice, lentils, vegetables, spices, salt","13","false","false","false","true","milk","minimally_processed","75","v1.0","synthetic_v2","false"
"AAR0271","8901000000271","BakeMaster Instant Curry Mix","BakeMaster","Instant Foods","Instant Curry Mix","instant_foods","59.0","340.4","21.5","45.3","8.2","2.4","10.9","3.2","0.0","5.2","0","0.0","Chickpeas, sunflower oil, spice blend, salt, lemon juice powder","11","true","true","false","false","","processed","75","v1.0","synthetic_v2","false"
"AAR0272","8901000000272","SwiftGrain Instant Noodles Premium","SwiftGrain","Instant Foods","Instant Noodles","instant_foods","36.0","359.2","14.2","65.7","4.6","0","3.4","3.4","0.2","3.8","698.0","1.77","Whole wheat flour, refined flour, sugar, vegetable oil, salt, yeast, emulsifiers","14","true","false","false","true","nuts","processed","62","v1.0","synthetic_v2","false"
"AAR0273","8901000000273","NutriPulse Instant Poha","NutriPulse","Instant Foods","Instant Poha","instant_foods","36.0","360.0","17.8","53.2","2.5","2.5","10.2","2.2","0.0","7.1","954.0","2.43","Whole wheat flour, oats, seeds, jaggery, sunflower oil, salt","15","false","true","false","true","milk,soy","minimally_processed","70","v1.0","synthetic_v2","false"
"AAR0274","8901000000274","SweetNature Instant Mix","SweetNature","Instant Foods","Instant Mix","instant_foods","45.0","375.1","10.5","62.8","7.4","0.0","7.2","0","0.2","0","1627.0","4.14","Sugar, vegetable fat, skim milk powder, glucose syrup, emulsifiers, artificial vanilla","10","false","false","false","true","nuts","ultra_processed","36","v1.0","synthetic_v2","false"
"AAR0275","8901000000275","HealthFirst Instant Noodles","HealthFirst","Instant Foods","Instant Noodles","instant_foods","33.0","321.2","8.8","76.2","0","0","8.7","0.7","0","9.5","321.0","0.82","Rice flour, corn grits, sunflower oil, spice mix, salt, citric acid","14","true","false","false","true","wheat,gluten","processed","74","v1.0","synthetic_v2","false"
"AAR0276","8901000000276","GrainMart Instant Mix Premium","GrainMart","Instant Foods","Instant Mix","instant_foods","32.0","350.2","6.2","64.2","0","0","12.3","3.3","0.1","9.8","680.0","1.73","Rice flour, corn grits, sunflower oil, spice mix, salt, citric acid","12","false","false","false","true","milk","processed","65","v1.0","synthetic_v2","false"
"AAR0277","8901000000277","GrainMart Instant Curry Mix","GrainMart","Instant Foods","Instant Curry Mix","instant_foods","27.0","402.6","5.9","58.4","6.8","3.4","2.1","2.1","0.3","5.1","437.0","1.11","Sugar, vegetable fat, skim milk powder, glucose syrup, emulsifiers, artificial vanilla","11","false","true","true","true","wheat,gluten,soy","ultra_processed","46","v1.0","synthetic_v2","false"
"AAR0278","8901000000278","DesiGood Instant Idli Mix Premium","DesiGood","Instant Foods","Instant Idli Mix","instant_foods","71.0","373.1","11.9","62.0","1.6","0","11.2","3.9","0","9.3","898.0","2.29","Whole wheat flour, refined flour, sugar, vegetable oil, salt, yeast, emulsifiers","6","false","false","false","true","nuts","processed","64","v1.0","synthetic_v2","false"
"AAR0279","8901000000279","CleanEat Instant Idli Mix","CleanEat","Instant Foods","Instant Idli Mix","instant_foods","46.0","299.0","9.4","67.0","11.2","5.5","5.8","1.0","0.2","1.6","1299.0","3.3","Oats, milk powder, sugar, malt extract, salt, vitamins","15","true","true","false","true","wheat,gluten,soy","processed","49","v1.0","synthetic_v2","false"
"AAR0280","8901000000280","PureNature Instant Soup","PureNature","Instant Foods","Instant Soup","instant_foods","57.0","360.4","9.5","56.8","3.1","3.1","7.4","1.6","0.1","4.7","0.0","0.0","Corn syrup, sugar, artificial colours, sodium benzoate, citric acid, preservatives","8","false","true","false","true","oats,nuts","ultra_processed","58","v1.0","synthetic_v2","false"
"AAR0281","8901000000281","SwiftGrain Instant Khichdi","SwiftGrain","Instant Foods","Instant Khichdi","instant_foods","49.0","305.4","3.3","44.1","0","0","16.8","1.7","0.1","5.7","730.0","1.86","Oats, milk powder, sugar, malt extract, salt, vitamins","7","false","false","false","true","milk","processed","58","v1.0","synthetic_v2","false"
"AAR0282","8901000000282","EarthFoods Instant Noodles","EarthFoods","Instant Foods","Instant Noodles","instant_foods","53.0","383.5","17.2","45.2","0.0","0.0","2.2","2.2","0.0","11.0","1472.0","3.75","Sugar, vegetable fat, skim milk powder, glucose syrup, emulsifiers, artificial vanilla","14","false","false","false","true","wheat,gluten,soy","ultra_processed","58","v1.0","synthetic_v2","false"
"AAR0283","8901000000283","EarthFoods Instant Noodles","EarthFoods","Instant Foods","Instant Noodles","instant_foods","80.0","373.2","7.7","53.8","5.2","5.2","7.7","0.1","0.0","4.3","847.0","2.15","Refined flour, palm oil, MSG, hydrolyzed soy protein, artificial flavours, salt","6","false","true","true","true","wheat,gluten,milk","ultra_processed","44","v1.0","synthetic_v2","false"
"AAR0284","8901000000284","SwiftGrain Instant Khichdi","SwiftGrain","Instant Foods","Instant Khichdi","instant_foods","60.0","355.2","16.0","84.7","2.4","2.4","9.8","2.8","0.1","5.8","0","0.0","Whole wheat flour, refined flour, sugar, vegetable oil, salt, yeast, emulsifiers","11","false","true","false","true","peanuts,sesame","processed","72","v1.0","synthetic_v2","false"
"AAR0285","8901000000285","CrunchWave Instant Curry Mix","CrunchWave","Instant Foods","Instant Curry Mix","instant_foods","31.0","333.3","18.2","55.3","2.9","2.9","2.8","1.7","0.1","7.0","987.0","2.51","Refined flour, palm oil, MSG, hydrolyzed soy protein, artificial flavours, salt","9","true","true","true","true","milk,soy","ultra_processed","57","v1.0","synthetic_v2","false"
"AAR0286","8901000000286","SweetNature Instant Poha Premium","SweetNature","Instant Foods","Instant Poha","instant_foods","57.0","321.8","9.7","66.3","6.8","0.0","12.3","2.9","0.2","5.8","1428.0","3.63","Corn grits, sugar, artificial colours, sodium benzoate, artificial flavours","15","false","false","false","true","nuts","ultra_processed","43","v1.0","synthetic_v2","false"
"AAR0287","8901000000287","PowerFuel Instant Oats","PowerFuel","Instant Foods","Instant Oats","instant_foods","52.0","355.7","9.6","84.7","9.1","6.0","0.6","0.6","0.1","4.9","581.0","1.48","Refined wheat flour, sugar, palm oil, glucose syrup, emulsifiers, artificial flavours, salt","15","false","true","true","false","","ultra_processed","47","v1.0","synthetic_v2","false"
"AAR0288","8901000000288","TrailBlaze Instant Soup","TrailBlaze","Instant Foods","Instant Soup","instant_foods","10","360.9","5.4","60.9","0.8","0.8","4.9","1.8","0","4.1","467.0","1.19","Almonds, cashews, raisins, sunflower seeds, salt","17","true","false","false","true","soy","minimally_processed","67","v1.0","synthetic_v2","false"
"AAR0289","8901000000289","NutriPulse Instant Soup","NutriPulse","Instant Foods","Instant Soup","instant_foods","44.0","372.7","8.5","62.2","0","0","16.5","2.7","0.2","5.0","172.0","0.44","Almonds, cashews, raisins, sunflower seeds, salt","11","true","false","false","true","soy","minimally_processed","73","v1.0","synthetic_v2","false"
"AAR0290","8901000000290","DesiGood Chikki","DesiGood","Chocolates & Sweet Snacks","Chikki","chocolates_sweets","39.0","485.0","5.8","52.7","51.2","37.1","13.2","8.3","0.0","6.9","0.0","0.0","Sugar, vegetable fat, skim milk powder, glucose syrup, emulsifiers, artificial vanilla","13","false","true","true","true","milk","ultra_processed","27","v1.0","synthetic_v2","false"
"AAR0291","8901000000291","EarthFoods Chikki Premium","EarthFoods","Chocolates & Sweet Snacks","Chikki","chocolates_sweets","27.0","493.4","0","48.9","48.9","14.2","20.8","20.8","0.2","0.3","0.0","0.0","Refined flour, palm oil, MSG, hydrolyzed soy protein, artificial flavours, salt","8","false","true","false","true","wheat,gluten","ultra_processed","13","v1.0","synthetic_v2","false"
"AAR0292","8901000000292","BakeMaster Dark Chocolate Premium","BakeMaster","Chocolates & Sweet Snacks","Dark Chocolate","chocolates_sweets","30.0","537.3","4.9","61.2","61.2","44.7","27.3","12.5","0.1","7.6","34.0","0.09","Skimmed milk, sugar, stabilizers, flavours, live cultures","9","false","true","false","true","wheat,gluten,milk","processed","36","v1.0","synthetic_v2","false"
"AAR0293","8901000000293","PureNature Chikki Premium","PureNature","Chocolates & Sweet Snacks","Chikki","chocolates_sweets","34.0","482.4","2.4","58.5","43.0","39.0","20.5","20.5","0.1","9.5","0","0.0","Puffed quinoa, amaranth, seeds, coconut sugar, cinnamon","10","false","true","false","true","oats,nuts","minimally_processed","43","v1.0","synthetic_v2","false"
"AAR0294","8901000000294","DairyPure Chikki Premium","DairyPure","Chocolates & Sweet Snacks","Chikki","chocolates_sweets","28.0","466.2","7.8","71.9","10.2","10.2","0","0","0.0","1.5","0.0","0.0","Corn grits, sugar, artificial colours, sodium benzoate, artificial flavours","15","false","true","false","true","soy","ultra_processed","48","v1.0","synthetic_v2","false"
"AAR0295","8901000000295","FitBite White Chocolate","FitBite","Chocolates & Sweet Snacks","White Chocolate","chocolates_sweets","30.0","409.3","3.3","75.0","75.0","33.7","10.7","10.7","0.3","5.9","22.0","0.06","Refined wheat flour, sugar, palm oil, glucose syrup, emulsifiers, artificial flavours, salt","8","false","true","false","true","nuts","ultra_processed","27","v1.0","synthetic_v2","false"
"AAR0296","8901000000296","DairyPure White Chocolate","DairyPure","Chocolates & Sweet Snacks","White Chocolate","chocolates_sweets","26.0","528.2","10.9","66.3","32.2","32.2","32.4","19.5","0.3","0","113.0","0.29","Corn grits, sugar, artificial colours, sodium benzoate, artificial flavours","4","false","true","false","true","nuts","ultra_processed","27","v1.0","synthetic_v2","false"
"AAR0297","8901000000297","EarthFoods Milk Chocolate","EarthFoods","Chocolates & Sweet Snacks","Milk Chocolate","chocolates_sweets","12.0","529.1","14.0","28.2","28.2","28.2","29.7","13.1","0.0","4.3","28.0","0.07","Refined flour, palm oil, MSG, hydrolyzed soy protein, artificial flavours, salt","12","false","true","false","true","wheat,gluten","ultra_processed","40","v1.0","synthetic_v2","false"
"AAR0298","8901000000298","SlimChoice Dark Chocolate","SlimChoice","Chocolates & Sweet Snacks","Dark Chocolate","chocolates_sweets","20.0","562.7","6.7","57.2","57.2","40.8","40.7","11.6","0.3","4.6","140.0","0.36","Refined wheat flour, sugar, palm oil, glucose syrup, emulsifiers, artificial flavours, salt","9","false","true","true","false","","ultra_processed","21","v1.0","synthetic_v2","false"
"AAR0299","8901000000299","SpiceBlend Dark Chocolate","SpiceBlend","Chocolates & Sweet Snacks","Dark Chocolate","chocolates_sweets","24.0","464.2","4.6","42.6","26.9","26.9","46.6","29.4","0.0","3.7","0","0.0","Rice flour, corn grits, sunflower oil, spice mix, salt, citric acid","6","false","true","false","true","wheat,gluten","processed","37","v1.0","synthetic_v2","false"
"AAR0300","8901000000300","SlimChoice White Chocolate Premium","SlimChoice","Chocolates & Sweet Snacks","White Chocolate","chocolates_sweets","33.0","578.2","5.3","69.0","64.4","64.4","7.3","7.3","0.3","0.1","235.0","0.6","Sugar, vegetable fat, skim milk powder, glucose syrup, emulsifiers, artificial vanilla","8","false","true","false","false","","ultra_processed","18","v1.0","synthetic_v2","false"
"AAR0301","8901000000301","SwiftGrain Milk Chocolate","SwiftGrain","Chocolates & Sweet Snacks","Milk Chocolate","chocolates_sweets","30.0","464.7","4.3","82.7","44.0","44.0","16.9","7.8","0.3","0","53.0","0.13","Whole wheat flour, refined flour, sugar, vegetable oil, salt, yeast, emulsifiers","9","false","true","false","true","peanuts,sesame","processed","31","v1.0","synthetic_v2","false"
"AAR0302","8901000000302","SunriseFarm Fudge Premium","SunriseFarm","Chocolates & Sweet Snacks","Fudge","chocolates_sweets","14.0","500.1","7.7","63.7","63.7","14.8","24.0","23.6","0.2","0","158.0","0.4","Refined wheat flour, sugar, palm oil, glucose syrup, emulsifiers, artificial flavours, salt","9","false","true","false","true","milk","ultra_processed","15","v1.0","synthetic_v2","false"
"AAR0303","8901000000303","SwiftGrain Natural Confection","SwiftGrain","Chocolates & Sweet Snacks","Natural Confection","chocolates_sweets","33.0","614.4","3.7","42.3","42.3","2.6","19.1","18.8","0.1","2.7","204.0","0.52","Corn grits, sugar, artificial colours, sodium benzoate, artificial flavours","9","false","true","false","true","oats,nuts","ultra_processed","19","v1.0","synthetic_v2","false"
"AAR0304","8901000000304","BakeMaster Milk Chocolate","BakeMaster","Chocolates & Sweet Snacks","Milk Chocolate","chocolates_sweets","32.0","491.3","7.6","52.3","51.3","21.1","25.4","6.1","0.1","0.7","0","0.0","Rice flour, corn grits, sunflower oil, spice mix, salt, citric acid","9","false","true","false","true","peanuts,sesame","processed","32","v1.0","synthetic_v2","false"
"AAR0305","8901000000305","BakeMaster Dark Chocolate","BakeMaster","Chocolates & Sweet Snacks","Dark Chocolate","chocolates_sweets","31.0","553.1","5.2","59.7","59.7","45.6","16.4","15.2","0.2","3.5","0.0","0.0","Corn grits, sugar, artificial colours, sodium benzoate, artificial flavours","15","false","true","false","true","oats,nuts","ultra_processed","22","v1.0","synthetic_v2","false"
"AAR0306","8901000000306","CleanEat White Chocolate","CleanEat","Chocolates & Sweet Snacks","White Chocolate","chocolates_sweets","38.0","490.2","4.3","59.2","49.0","49.0","10.4","10.4","0.2","3.0","120.0","0.31","Whole wheat flour, refined flour, sugar, vegetable oil, salt, yeast, emulsifiers","11","false","true","false","true","wheat,gluten,soy","processed","31","v1.0","synthetic_v2","false"
"AAR0307","8901000000307","QuickMeal Chocolate Bar","QuickMeal","Chocolates & Sweet Snacks","Chocolate Bar","chocolates_sweets","31.0","447.1","9.0","53.1","53.1","37.6","25.9","23.5","0.1","0","71.0","0.18","Refined wheat flour, sugar, palm oil, glucose syrup, emulsifiers, artificial flavours, salt","12","false","true","false","true","wheat,gluten","ultra_processed","17","v1.0","synthetic_v2","false"
"AAR0308","8901000000308","TrailBlaze Chocolate Bar Premium","TrailBlaze","Chocolates & Sweet Snacks","Chocolate Bar","chocolates_sweets","37.0","543.2","3.9","88.8","48.2","48.2","25.9","18.3","0.2","7.8","185.0","0.47","Brown rice, lentils, vegetables, spices, salt","8","false","true","false","true","milk","minimally_processed","38","v1.0","synthetic_v2","false"
"AAR0309","8901000000309","ProSnack White Chocolate Premium","ProSnack","Chocolates & Sweet Snacks","White Chocolate","chocolates_sweets","26.0","478.6","7.5","67.1","48.5","48.5","48.3","6.7","0.1","3.0","153.0","0.39","Refined flour, palm oil, MSG, hydrolyzed soy protein, artificial flavours, salt","13","true","true","false","true","wheat,gluten,milk","ultra_processed","29","v1.0","synthetic_v2","false"
"AAR0310","8901000000310","HarvestGold Natural Confection Premium","HarvestGold","Chocolates & Sweet Snacks","Natural Confection","chocolates_sweets","28.0","533.3","6.6","33.9","27.5","27.5","0","0","0.0","14.9","387.0","0.98","Sugar, vegetable fat, skim milk powder, glucose syrup, emulsifiers, artificial vanilla","8","false","true","false","true","wheat,gluten,soy","ultra_processed","52","v1.0","synthetic_v2","false"
"AAR0311","8901000000311","CleanEat Fudge","CleanEat","Chocolates & Sweet Snacks","Fudge","chocolates_sweets","37.0","564.8","11.6","31.1","15.4","15.4","36.2","18.0","0.3","0","0","0.0","Skimmed milk, sugar, stabilizers, flavours, live cultures","6","false","true","false","true","soy","processed","45","v1.0","synthetic_v2","false"
"AAR0312","8901000000312","SunriseFarm Chocolate Bar","SunriseFarm","Chocolates & Sweet Snacks","Chocolate Bar","chocolates_sweets","33.0","399.0","6.9","65.1","50.4","26.2","25.8","11.0","0.0","1.0","178.0","0.45","Sugar, vegetable fat, skim milk powder, glucose syrup, emulsifiers, artificial vanilla","9","false","true","false","true","wheat,gluten,soy","ultra_processed","22","v1.0","synthetic_v2","false"
"AAR0313","8901000000313","SlimChoice Fudge Premium","SlimChoice","Chocolates & Sweet Snacks","Fudge","chocolates_sweets","24.0","455.3","6.0","23.5","23.5","23.5","7.4","7.4","0.2","7.9","65.0","0.16","Corn syrup, sugar, artificial colours, sodium benzoate, citric acid, preservatives","3","true","true","false","false","","ultra_processed","48","v1.0","synthetic_v2","false"
"AAR0314","8901000000314","DesiGood White Chocolate","DesiGood","Chocolates & Sweet Snacks","White Chocolate","chocolates_sweets","22.0","515.7","12.6","57.9","52.3","43.0","27.8","7.5","0.2","4.3","119.0","0.3","Refined flour, palm oil, MSG, hydrolyzed soy protein, artificial flavours, salt","12","false","true","false","true","nuts","ultra_processed","30","v1.0","synthetic_v2","false"
"AAR0315","8901000000315","MorningBest Natural Confection","MorningBest","Chocolates & Sweet Snacks","Natural Confection","chocolates_sweets","13.0","546.6","4.8","68.0","43.2","19.1","17.4","0","0.2","0","0.0","0.0","Refined flour, palm oil, MSG, hydrolyzed soy protein, artificial flavours, salt","8","false","true","false","true","milk","ultra_processed","26","v1.0","synthetic_v2","false"
"AAR0316","8901000000316","CrunchWave Chocolate Bar","CrunchWave","Chocolates & Sweet Snacks","Chocolate Bar","chocolates_sweets","35.0","501.7","5.5","39.4","25.2","25.2","20.3","16.5","0.1","4.1","207.0","0.53","Brown rice, lentils, vegetables, spices, salt","7","false","true","false","true","milk","minimally_processed","46","v1.0","synthetic_v2","false"
"AAR0317","8901000000317","CleanEat Fudge Premium","CleanEat","Chocolates & Sweet Snacks","Fudge","chocolates_sweets","20.0","524.1","5.8","54.1","46.6","32.4","31.0","6.1","0.0","0","0.0","0.0","Refined wheat flour, sugar, palm oil, glucose syrup, emulsifiers, artificial flavours, salt","9","false","true","false","true","wheat,gluten,milk","ultra_processed","23","v1.0","synthetic_v2","false"
"AAR0318","8901000000318","DesiGood Chikki Premium","DesiGood","Chocolates & Sweet Snacks","Chikki","chocolates_sweets","20.0","460.9","8.0","54.5","15.0","15.0","39.4","6.0","0.2","0.5","128.0","0.33","Corn grits, sugar, artificial colours, sodium benzoate, artificial flavours","3","false","true","false","true","wheat,gluten","ultra_processed","41","v1.0","synthetic_v2","false"
"AAR0319","8901000000319","GrainMart White Chocolate","GrainMart","Chocolates & Sweet Snacks","White Chocolate","chocolates_sweets","21.0","488.9","6.1","48.4","30.1","27.4","31.8","13.6","0.2","1.2","254.0","0.65","Refined flour, palm oil, MSG, hydrolyzed soy protein, artificial flavours, salt","10","false","true","false","true","milk","ultra_processed","28","v1.0","synthetic_v2","false"
"AAR0320","8901000000320","BakeMaster Fudge","BakeMaster","Chocolates & Sweet Snacks","Fudge","chocolates_sweets","22.0","575.0","7.9","51.2","35.5","35.5","8.1","6.2","0.1","7.8","124.0","0.32","Rolled oats, dried fruits, seeds, honey, coconut oil","8","true","true","false","true","peanuts,sesame","minimally_processed","55","v1.0","synthetic_v2","false"
"AAR0321","8901000000321","PowerFuel Dark Chocolate Premium","PowerFuel","Chocolates & Sweet Snacks","Dark Chocolate","chocolates_sweets","26.0","476.2","4.4","67.7","26.5","26.5","39.6","22.7","0.1","3.0","0.0","0.0","Refined wheat flour, sugar, palm oil, glucose syrup, emulsifiers, artificial flavours, salt","10","false","true","false","true","milk,soy","ultra_processed","30","v1.0","synthetic_v2","false"
"AAR0322","8901000000322","DesiGood Fudge","DesiGood","Chocolates & Sweet Snacks","Fudge","chocolates_sweets","30.0","581.3","3.2","48.9","48.9","5.9","36.3","8.2","0.1","1.9","25.0","0.06","Sugar, vegetable fat, skim milk powder, glucose syrup, emulsifiers, artificial vanilla","8","false","true","false","true","wheat,gluten,soy","ultra_processed","21","v1.0","synthetic_v2","false"
"AAR0323","8901000000323","CrunchWave Dark Chocolate Premium","CrunchWave","Chocolates & Sweet Snacks","Dark Chocolate","chocolates_sweets","24.0","489.5","4.3","58.5","58.5","39.0","41.9","2.9","0.2","0","0.0","0.0","Sugar, vegetable fat, skim milk powder, glucose syrup, emulsifiers, artificial vanilla","12","false","true","false","true","nuts","ultra_processed","22","v1.0","synthetic_v2","false"
"AAR0324","8901000000324","HealthFirst Chocolate Bar","HealthFirst","Chocolates & Sweet Snacks","Chocolate Bar","chocolates_sweets","12.0","562.3","7.2","32.5","32.5","32.5","30.5","0","0.1","3.3","180.0","0.46","Refined flour, palm oil, MSG, hydrolyzed soy protein, artificial flavours, salt","8","false","true","false","true","wheat,gluten,milk","ultra_processed","36","v1.0","synthetic_v2","false"
"AAR0325","8901000000325","GreenLeaf Fudge","GreenLeaf","Chocolates & Sweet Snacks","Fudge","chocolates_sweets","33.0","517.9","9.0","63.7","53.3","15.6","1.3","1.3","0.3","8.4","154.0","0.39","Whole wheat flour, refined flour, sugar, vegetable oil, salt, yeast, emulsifiers","10","true","true","false","true","milk,soy","processed","46","v1.0","synthetic_v2","false"
"AAR0326","8901000000326","CleanEat Chikki Premium","CleanEat","Chocolates & Sweet Snacks","Chikki","chocolates_sweets","19.0","479.4","6.1","77.4","34.7","34.7","23.5","23.5","0.0","5.6","31.0","0.08","Corn syrup, sugar, artificial colours, sodium benzoate, citric acid, preservatives","9","false","true","false","true","wheat,gluten,milk","ultra_processed","30","v1.0","synthetic_v2","false"
"AAR0327","8901000000327","QuickMeal Milk Chocolate Premium","QuickMeal","Chocolates & Sweet Snacks","Milk Chocolate","chocolates_sweets","27.0","565.5","4.0","33.0","33.0","33.0","35.7","21.6","0.1","10.0","143.0","0.36","Refined wheat flour, sugar, palm oil, glucose syrup, emulsifiers, artificial flavours, salt","4","false","true","false","true","peanuts,sesame","ultra_processed","34","v1.0","synthetic_v2","false"
"AAR0328","8901000000328","EarthFoods Natural Confection Premium","EarthFoods","Chocolates & Sweet Snacks","Natural Confection","chocolates_sweets","30.0","495.6","5.5","67.4","61.7","10.6","30.4","19.4","0.3","6.6","206.0","0.52","Refined wheat flour, sugar, palm oil, glucose syrup, emulsifiers, artificial flavours, salt","10","false","true","true","true","wheat,gluten,soy","ultra_processed","20","v1.0","synthetic_v2","false"
"AAR0329","8901000000329","DesiGood Fudge Premium","DesiGood","Chocolates & Sweet Snacks","Fudge","chocolates_sweets","34.0","578.7","2.5","49.1","37.9","37.9","45.2","9.2","0","2.1","224.0","0.57","Sugar, vegetable fat, skim milk powder, glucose syrup, emulsifiers, artificial vanilla","10","false","true","false","true","wheat,gluten,milk","ultra_processed","24","v1.0","synthetic_v2","false"
"AAR0330","8901000000330","TrailBlaze Milk Chocolate Premium","TrailBlaze","Chocolates & Sweet Snacks","Milk Chocolate","chocolates_sweets","39.0","494.6","2.7","61.2","30.7","30.7","36.0","9.4","0.1","3.2","68.0","0.17","Puffed quinoa, amaranth, seeds, coconut sugar, cinnamon","9","false","true","false","true","soy","minimally_processed","45","v1.0","synthetic_v2","false"
"AAR0331","8901000000331","DesiGood Natural Confection Premium","DesiGood","Chocolates & Sweet Snacks","Natural Confection","chocolates_sweets","27.0","469.8","12.2","54.7","54.7","19.1","33.1","16.5","0","10.6","206.0","0.52","Chickpeas, sunflower oil, spice blend, salt, lemon juice powder","5","false","true","false","true","wheat,gluten,milk","processed","43","v1.0","synthetic_v2","false"
"AAR0332","8901000000332","GrainMart White Chocolate","GrainMart","Chocolates & Sweet Snacks","White Chocolate","chocolates_sweets","55.0","529.1","6.8","59.0","56.5","46.9","48.3","18.5","0.0","8.3","309.0","0.79","Corn syrup, sugar, artificial colours, sodium benzoate, citric acid, preservatives","5","false","true","true","false","","ultra_processed","22","v1.0","synthetic_v2","false"
"AAR0333","8901000000333","MorningBest Chikki","MorningBest","Chocolates & Sweet Snacks","Chikki","chocolates_sweets","14.0","523.4","0.3","61.7","42.2","42.2","17.2","0.5","0.1","0","205.0","0.52","Corn grits, sugar, artificial colours, sodium benzoate, artificial flavours","9","false","true","false","true","milk","ultra_processed","22","v1.0","synthetic_v2","false"
"AAR0334","8901000000334","SweetNature Chikki","SweetNature","Chocolates & Sweet Snacks","Chikki","chocolates_sweets","10","395.7","5.5","77.0","49.8","14.5","27.6","14.1","0.2","0","143.0","0.36","Whole wheat flour, refined flour, sugar, vegetable oil, salt, yeast, emulsifiers","7","false","true","false","true","oats,nuts","processed","27","v1.0","synthetic_v2","false"
"AAR0335","8901000000335","SlimChoice White Chocolate Premium","SlimChoice","Chocolates & Sweet Snacks","White Chocolate","chocolates_sweets","26.0","483.1","8.4","54.3","25.8","14.8","30.8","13.4","0.1","1.8","199.0","0.51","Refined flour, palm oil, MSG, hydrolyzed soy protein, artificial flavours, salt","8","false","true","false","true","milk,soy","ultra_processed","33","v1.0","synthetic_v2","false"
"AAR0336","8901000000336","HealthFirst Dark Chocolate","HealthFirst","Chocolates & Sweet Snacks","Dark Chocolate","chocolates_sweets","37.0","629.3","2.2","28.1","28.1","17.8","23.5","7.8","0.1","9.1","162.0","0.41","Oats, milk powder, sugar, malt extract, salt, vitamins","4","false","true","false","true","wheat,gluten,soy","processed","47","v1.0","synthetic_v2","false"
"AAR0337","8901000000337","PureNature Dark Chocolate","PureNature","Chocolates & Sweet Snacks","Dark Chocolate","chocolates_sweets","17.0","446.7","0","42.7","42.7","39.3","24.9","13.8","0.1","4.2","159.0","0.4","Almonds, cashews, raisins, sunflower seeds, salt","9","false","true","false","true","soy","minimally_processed","36","v1.0","synthetic_v2","false"
"AAR0338","8901000000338","CrunchWave Protein Bar","CrunchWave","Snack/Protein Bars","Protein Bar","snack_protein_bars","35.0","442.0","11.1","61.8","61.4","14.5","19.5","2.5","0.1","8.1","188.0","0.48","Almonds, cashews, raisins, sunflower seeds, salt","10","false","true","false","true","wheat,gluten,soy","minimally_processed","50","v1.0","synthetic_v2","false"
"AAR0339","8901000000339","SpiceBlend Wellness Bar Premium","SpiceBlend","Snack/Protein Bars","Wellness Bar","snack_protein_bars","47.0","465.8","17.1","65.5","18.7","18.7","18.5","1.7","0.1","3.0","113.0","0.29","Brown rice, lentils, vegetables, spices, salt","10","false","true","false","true","soy","minimally_processed","63","v1.0","synthetic_v2","false"
"AAR0340","8901000000340","SwiftGrain Granola Bar","SwiftGrain","Snack/Protein Bars","Granola Bar","snack_protein_bars","41.0","346.5","21.4","60.0","12.1","0","14.7","3.7","0.1","5.2","0","0.0","Oats, milk powder, sugar, malt extract, salt, vitamins","9","true","false","false","true","peanuts,sesame","processed","72","v1.0","synthetic_v2","false"
"AAR0341","8901000000341","PureNature Protein Bar","PureNature","Snack/Protein Bars","Protein Bar","snack_protein_bars","34.0","428.5","9.1","75.5","0","0","14.0","8.9","0.1","10.5","135.0","0.34","Whole wheat flour, refined flour, sugar, vegetable oil, salt, yeast, emulsifiers","12","true","false","false","true","milk","processed","73","v1.0","synthetic_v2","false"
"AAR0342","8901000000342","SunriseFarm Granola Bar","SunriseFarm","Snack/Protein Bars","Granola Bar","snack_protein_bars","58.0","394.9","15.6","69.3","7.6","7.6","10.7","5.0","0.1","1.2","100.0","0.25","Skimmed milk, sugar, stabilizers, flavours, live cultures","11","false","true","false","true","nuts","processed","60","v1.0","synthetic_v2","false"
"AAR0343","8901000000343","NutriCo Energy Bar Premium","NutriCo","Snack/Protein Bars","Energy Bar","snack_protein_bars","61.0","397.2","15.7","47.9","41.0","13.2","18.1","10.1","0.0","12.0","32.0","0.08","Almonds, cashews, raisins, sunflower seeds, salt","9","true","true","false","false","","minimally_processed","65","v1.0","synthetic_v2","false"
"AAR0344","8901000000344","DairyPure Energy Bar","DairyPure","Snack/Protein Bars","Energy Bar","snack_protein_bars","36.0","389.1","0.8","45.6","8.9","8.9","14.8","9.3","0.1","7.6","93.0","0.24","Corn grits, sugar, artificial colours, sodium benzoate, artificial flavours","13","false","true","false","false","","ultra_processed","49","v1.0","synthetic_v2","false"
"AAR0345","8901000000345","NutriPulse Vegan Bar","NutriPulse","Snack/Protein Bars","Vegan Bar","snack_protein_bars","54.0","366.9","25.6","48.6","22.0","22.0","27.4","5.1","0.0","6.3","200.0","0.51","Oats, milk powder, sugar, malt extract, salt, vitamins","10","true","true","false","true","oats,nuts","processed","69","v1.0","synthetic_v2","false"
"AAR0346","8901000000346","CleanEat Keto Bar","CleanEat","Snack/Protein Bars","Keto Bar","snack_protein_bars","44.0","427.8","25.5","57.3","26.4","0","0","0","0.0","4.7","192.0","0.49","Puffed quinoa, amaranth, seeds, coconut sugar, cinnamon","12","false","false","false","true","nuts","minimally_processed","68","v1.0","synthetic_v2","false"
"AAR0347","8901000000347","CrunchWave Wellness Bar","CrunchWave","Snack/Protein Bars","Wellness Bar","snack_protein_bars","42.0","403.9","8.8","65.9","19.0","19.0","11.7","2.9","0.1","6.5","213.0","0.54","Chickpeas, sunflower oil, spice blend, salt, lemon juice powder","6","false","true","false","false","","processed","57","v1.0","synthetic_v2","false"
"AAR0348","8901000000348","NutriCo Vegan Bar Premium","NutriCo","Snack/Protein Bars","Vegan Bar","snack_protein_bars","43.0","380.5","19.6","47.8","18.6","18.6","9.6","0","0.0","4.8","83.0","0.21","Almonds, cashews, raisins, sunflower seeds, salt","10","false","true","false","true","nuts","minimally_processed","70","v1.0","synthetic_v2","false"
"AAR0349","8901000000349","HealthFirst Keto Bar Premium","HealthFirst","Snack/Protein Bars","Keto Bar","snack_protein_bars","68.0","399.6","16.1","77.4","20.6","20.6","11.4","2.1","0.0","4.8","263.0","0.67","Corn grits, sugar, artificial colours, sodium benzoate, artificial flavours","8","false","true","false","true","milk","ultra_processed","50","v1.0","synthetic_v2","false"
"AAR0350","8901000000350","EarthFoods Granola Bar","EarthFoods","Snack/Protein Bars","Granola Bar","snack_protein_bars","15.0","381.3","13.6","57.5","25.7","25.7","0","0","0.0","10.3","29.0","0.07","Whole wheat flour, refined flour, sugar, vegetable oil, salt, yeast, emulsifiers","11","false","true","false","true","oats,nuts","processed","65","v1.0","synthetic_v2","false"
"AAR0351","8901000000351","GreenLeaf Vegan Bar","GreenLeaf","Snack/Protein Bars","Vegan Bar","snack_protein_bars","42.0","411.0","6.4","38.2","8.4","8.4","10.4","7.5","0","3.5","69.0","0.17","Chickpeas, sunflower oil, spice blend, salt, lemon juice powder","8","false","true","false","true","oats,nuts","processed","56","v1.0","synthetic_v2","false"
"AAR0352","8901000000352","NutriPulse Energy Bar Premium","NutriPulse","Snack/Protein Bars","Energy Bar","snack_protein_bars","45.0","435.9","1.0","52.6","29.8","29.8","11.7","6.8","0","0","246.0","0.63","Whole wheat flour, oats, seeds, jaggery, sunflower oil, salt","12","false","true","false","true","wheat,gluten,milk","minimally_processed","40","v1.0","synthetic_v2","false"
"AAR0353","8901000000353","SwiftGrain Keto Bar","SwiftGrain","Snack/Protein Bars","Keto Bar","snack_protein_bars","29.0","338.2","17.6","78.2","33.5","23.9","16.1","0","0.1","4.4","280.0","0.71","Sugar, vegetable fat, skim milk powder, glucose syrup, emulsifiers, artificial vanilla","7","false","true","true","true","oats,nuts","ultra_processed","43","v1.0","synthetic_v2","false"
"AAR0354","8901000000354","FitBite Wellness Bar","FitBite","Snack/Protein Bars","Wellness Bar","snack_protein_bars","47.0","464.6","11.6","72.3","25.1","0.0","24.0","3.1","0.1","6.6","40.0","0.1","Corn syrup, sugar, artificial colours, sodium benzoate, citric acid, preservatives","14","true","false","false","true","soy","ultra_processed","51","v1.0","synthetic_v2","false"
"AAR0355","8901000000355","SlimChoice Vegan Bar","SlimChoice","Snack/Protein Bars","Vegan Bar","snack_protein_bars","44.0","422.2","13.6","67.1","24.9","18.9","6.2","6.2","0.1","3.6","298.0","0.76","Chickpeas, sunflower oil, spice blend, salt, lemon juice powder","8","true","true","false","false","","processed","54","v1.0","synthetic_v2","false"
"AAR0356","8901000000356","GreenLeaf Protein Bar","GreenLeaf","Snack/Protein Bars","Protein Bar","snack_protein_bars","44.0","444.9","12.0","62.6","17.9","15.2","20.4","6.7","0","2.6","254.0","0.65","Whole wheat flour, oats, seeds, jaggery, sunflower oil, salt","8","true","true","false","true","wheat,gluten,milk","minimally_processed","60","v1.0","synthetic_v2","false"
"AAR0357","8901000000357","DesiGood Keto Bar","DesiGood","Snack/Protein Bars","Keto Bar","snack_protein_bars","57.0","338.9","6.4","23.7","23.7","9.1","7.3","5.2","0.1","13.8","44.0","0.11","Refined flour, palm oil, MSG, hydrolyzed soy protein, artificial flavours, salt","11","true","true","false","true","soy","ultra_processed","59","v1.0","synthetic_v2","false"
"AAR0358","8901000000358","DairyPure Protein Bar Premium","DairyPure","Snack/Protein Bars","Protein Bar","snack_protein_bars","57.0","364.9","15.4","45.6","24.6","24.6","21.5","7.5","0.0","1.3","151.0","0.38","Oats, milk powder, sugar, malt extract, salt, vitamins","6","false","true","false","true","wheat,gluten,milk","processed","51","v1.0","synthetic_v2","false"
"AAR0359","8901000000359","FitBite Keto Bar","FitBite","Snack/Protein Bars","Keto Bar","snack_protein_bars","39.0","352.5","14.9","38.2","10.9","10.1","3.7","1.6","0.1","1.9","26.0","0.07","Brown rice, lentils, vegetables, spices, salt","11","true","true","false","true","wheat,gluten,milk","minimally_processed","70","v1.0","synthetic_v2","false"
"AAR0360","8901000000360","SlimChoice Keto Bar","SlimChoice","Snack/Protein Bars","Keto Bar","snack_protein_bars","46.0","391.1","10.7","52.6","0.0","0.0","19.5","3.9","0.1","2.6","353.0","0.9","Refined flour, palm oil, MSG, hydrolyzed soy protein, artificial flavours, salt","9","false","false","false","true","oats,nuts","ultra_processed","53","v1.0","synthetic_v2","false"
"AAR0361","8901000000361","CleanEat Wellness Bar","CleanEat","Snack/Protein Bars","Wellness Bar","snack_protein_bars","52.0","399.1","13.2","69.1","6.9","5.3","25.3","3.1","0.1","12.4","134.0","0.34","Almonds, cashews, raisins, sunflower seeds, salt","7","false","true","false","true","oats,nuts","minimally_processed","79","v1.0","synthetic_v2","false"
"AAR0362","8901000000362","QuickMeal Vegan Bar","QuickMeal","Snack/Protein Bars","Vegan Bar","snack_protein_bars","64.0","434.0","15.4","58.6","13.0","0","20.5","0","0.0","9.8","187.0","0.48","Brown rice, lentils, vegetables, spices, salt","12","true","false","false","true","wheat,gluten","minimally_processed","77","v1.0","synthetic_v2","false"
"AAR0363","8901000000363","HealthFirst Keto Bar","HealthFirst","Snack/Protein Bars","Keto Bar","snack_protein_bars","49.0","370.6","14.2","51.3","0","0","11.0","0","0.1","5.6","19.0","0.05","Brown rice, lentils, vegetables, spices, salt","11","false","false","false","true","soy","minimally_processed","77","v1.0","synthetic_v2","false"
"AAR0364","8901000000364","DairyPure Granola Bar","DairyPure","Snack/Protein Bars","Granola Bar","snack_protein_bars","40.0","410.2","11.7","60.3","31.5","20.3","8.6","6.6","0.1","4.4","359.0","0.91","Chickpeas, sunflower oil, spice blend, salt, lemon juice powder","10","false","true","false","true","milk","processed","46","v1.0","synthetic_v2","false"
"AAR0365","8901000000365","HarvestGold Energy Bar","HarvestGold","Snack/Protein Bars","Energy Bar","snack_protein_bars","48.0","369.7","15.6","27.6","17.3","0.8","17.2","9.5","0.1","0","460.0","1.17","Refined flour, palm oil, MSG, hydrolyzed soy protein, artificial flavours, salt","8","true","false","true","true","wheat,gluten,soy","ultra_processed","41","v1.0","synthetic_v2","false"
"AAR0366","8901000000366","NutriPulse Keto Bar Premium","NutriPulse","Snack/Protein Bars","Keto Bar","snack_protein_bars","50.0","407.1","15.2","42.7","24.8","7.5","12.4","2.8","0","7.0","223.0","0.57","Whole wheat flour, refined flour, sugar, vegetable oil, salt, yeast, emulsifiers","11","false","true","false","false","","processed","59","v1.0","synthetic_v2","false"
"AAR0367","8901000000367","FitBite Energy Bar","FitBite","Snack/Protein Bars","Energy Bar","snack_protein_bars","36.0","414.6","10.3","63.8","3.0","3.0","7.3","7.3","0.1","8.2","266.0","0.68","Rice flour, corn grits, sunflower oil, spice mix, salt, citric acid","10","true","true","false","true","wheat,gluten,soy","processed","68","v1.0","synthetic_v2","false"
"AAR0368","8901000000368","HarvestGold Wellness Bar","HarvestGold","Snack/Protein Bars","Wellness Bar","snack_protein_bars","47.0","394.4","19.9","50.4","16.6","16.6","23.9","2.8","0.0","2.8","0","0.0","Skimmed milk, sugar, stabilizers, flavours, live cultures","11","true","true","false","true","milk,soy","processed","66","v1.0","synthetic_v2","false"
"AAR0369","8901000000369","CleanEat Keto Bar Premium","CleanEat","Snack/Protein Bars","Keto Bar","snack_protein_bars","48.0","411.8","0.4","47.1","0","0","6.2","6.2","0.1","3.3","68.0","0.17","Skimmed milk, sugar, stabilizers, flavours, live cultures","8","true","false","false","true","milk,soy","processed","59","v1.0","synthetic_v2","false"
"AAR0370","8901000000370","MorningBest Granola Bar Premium","MorningBest","Snack/Protein Bars","Granola Bar","snack_protein_bars","42.0","404.6","10.6","27.1","0","0","10.9","3.3","0.1","10.6","146.0","0.37","Whole wheat flour, oats, seeds, jaggery, sunflower oil, salt","11","false","false","false","true","wheat,gluten,soy","minimally_processed","78","v1.0","synthetic_v2","false"
"AAR0371","8901000000371","SpiceBlend Granola Bar Premium","SpiceBlend","Snack/Protein Bars","Granola Bar","snack_protein_bars","40.0","338.9","15.6","59.7","31.5","0","9.1","2.0","0.1","8.2","305.0","0.78","Skimmed milk, sugar, stabilizers, flavours, live cultures","9","false","false","false","true","milk","processed","58","v1.0","synthetic_v2","false"
"AAR0372","8901000000372","NutriPulse Wellness Bar Premium","NutriPulse","Snack/Protein Bars","Wellness Bar","snack_protein_bars","53.0","451.7","16.1","69.7","26.0","0","4.0","0","0.1","10.7","336.0","0.86","Chickpeas, sunflower oil, spice blend, salt, lemon juice powder","12","false","false","false","true","wheat,gluten,milk","processed","63","v1.0","synthetic_v2","false"
"AAR0373","8901000000373","ProSnack Granola Bar","ProSnack","Snack/Protein Bars","Granola Bar","snack_protein_bars","54.0","373.9","5.9","63.9","27.8","17.5","19.5","6.8","0.1","11.0","219.0","0.56","Brown rice, lentils, vegetables, spices, salt","11","true","true","false","true","peanuts,sesame","minimally_processed","63","v1.0","synthetic_v2","false"
"AAR0374","8901000000374","SunriseFarm Vegan Bar Premium","SunriseFarm","Snack/Protein Bars","Vegan Bar","snack_protein_bars","49.0","379.2","19.3","32.5","32.5","0.0","18.6","2.1","0.1","6.4","34.0","0.09","Refined wheat flour, sugar, palm oil, glucose syrup, emulsifiers, artificial flavours, salt","8","false","false","false","false","","ultra_processed","51","v1.0","synthetic_v2","false"
"AAR0375","8901000000375","CrunchWave Vegan Bar","CrunchWave","Snack/Protein Bars","Vegan Bar","snack_protein_bars","23.0","439.7","14.0","57.5","8.6","7.7","11.9","8.9","0.1","3.7","267.0","0.68","Rolled oats, dried fruits, seeds, honey, coconut oil","7","false","true","false","true","milk","minimally_processed","63","v1.0","synthetic_v2","false"
"AAR0376","8901000000376","FitBite Wellness Bar Premium","FitBite","Snack/Protein Bars","Wellness Bar","snack_protein_bars","33.0","356.9","4.5","29.8","27.8","13.0","19.4","8.3","0.1","8.8","164.0","0.42","Puffed quinoa, amaranth, seeds, coconut sugar, cinnamon","12","false","true","false","true","nuts","minimally_processed","56","v1.0","synthetic_v2","false"
"AAR0377","8901000000377","DairyPure Protein Bar","DairyPure","Snack/Protein Bars","Protein Bar","snack_protein_bars","50.0","373.5","7.5","49.5","11.0","11.0","19.1","6.9","0.0","4.8","347.0","0.88","Corn grits, sugar, artificial colours, sodium benzoate, artificial flavours","14","false","true","true","true","wheat,gluten,milk","ultra_processed","44","v1.0","synthetic_v2","false"
"AAR0378","8901000000378","TrailBlaze Keto Bar","TrailBlaze","Snack/Protein Bars","Keto Bar","snack_protein_bars","52.0","453.1","22.0","32.6","32.6","15.3","11.0","6.2","0.1","8.3","91.0","0.23","Almonds, cashews, raisins, sunflower seeds, salt","8","false","true","false","false","","minimally_processed","65","v1.0","synthetic_v2","false"
"AAR0379","8901000000379","QuickMeal White Bread Premium","QuickMeal","Bread & Bakery","White Bread","bread_bakery","40.0","260.4","9.0","45.9","6.8","0.4","7.9","0","0.0","5.9","458.0","1.17","Puffed quinoa, amaranth, seeds, coconut sugar, cinnamon","8","false","false","false","false","","minimally_processed","68","v1.0","synthetic_v2","false"
"AAR0380","8901000000380","BakeMaster Sweet Loaf","BakeMaster","Bread & Bakery","Sweet Loaf","bread_bakery","37.0","265.3","9.2","54.0","7.0","6.1","2.1","1.1","0.0","2.5","436.0","1.11","Oats, milk powder, sugar, malt extract, salt, vitamins","10","false","true","false","true","peanuts,sesame","processed","58","v1.0","synthetic_v2","false"
"AAR0381","8901000000381","SwiftGrain Sweet Loaf Premium","SwiftGrain","Bread & Bakery","Sweet Loaf","bread_bakery","37.0","228.2","12.1","42.5","5.2","5.2","2.9","2.1","0","8.6","401.0","1.02","Whole wheat flour, refined flour, sugar, vegetable oil, salt, yeast, emulsifiers","8","true","true","false","true","oats,nuts","processed","72","v1.0","synthetic_v2","false"
"AAR0382","8901000000382","NutriPulse White Bread Premium","NutriPulse","Bread & Bakery","White Bread","bread_bakery","40.0","275.2","8.6","43.3","4.6","0.0","7.6","0.6","0.1","5.5","392.0","1.0","Refined flour, palm oil, MSG, hydrolyzed soy protein, artificial flavours, salt","10","true","false","false","true","nuts","ultra_processed","58","v1.0","synthetic_v2","false"
"AAR0383","8901000000383","CleanEat Sweet Loaf","CleanEat","Bread & Bakery","Sweet Loaf","bread_bakery","40.0","250.3","11.3","52.1","7.3","2.1","1.8","0.6","0.1","6.4","183.0","0.47","Whole wheat flour, refined flour, sugar, vegetable oil, salt, yeast, emulsifiers","9","true","true","false","true","milk","processed","70","v1.0","synthetic_v2","false"
"AAR0384","8901000000384","SpiceBlend Whole Wheat Bread","SpiceBlend","Bread & Bakery","Whole Wheat Bread","bread_bakery","38.0","248.1","11.4","49.1","8.4","2.9","5.9","2.8","0.1","2.3","375.0","0.95","Skimmed milk, sugar, stabilizers, flavours, live cultures","9","true","true","false","true","wheat,gluten,soy","processed","62","v1.0","synthetic_v2","false"
"AAR0385","8901000000385","TrailBlaze Multigrain Bread","TrailBlaze","Bread & Bakery","Multigrain Bread","bread_bakery","40.0","272.2","8.2","47.3","0.0","0.0","3.0","1.3","0.0","7.9","151.0","0.38","Sugar, vegetable fat, skim milk powder, glucose syrup, emulsifiers, artificial vanilla","8","false","false","false","true","milk","ultra_processed","63","v1.0","synthetic_v2","false"
"AAR0386","8901000000386","SpiceBlend Sweet Loaf","SpiceBlend","Bread & Bakery","Sweet Loaf","bread_bakery","32.0","243.7","12.1","42.6","8.2","5.5","6.5","0.5","0.0","7.7","575.0","1.46","Sugar, vegetable fat, skim milk powder, glucose syrup, emulsifiers, artificial vanilla","7","true","true","false","true","peanuts,sesame","ultra_processed","60","v1.0","synthetic_v2","false"
"AAR0387","8901000000387","BakeMaster Multigrain Bread","BakeMaster","Bread & Bakery","Multigrain Bread","bread_bakery","39.0","264.7","10.8","43.6","0.0","0.0","1.6","0","0","7.0","537.0","1.37","Refined wheat flour, sugar, palm oil, glucose syrup, emulsifiers, artificial flavours, salt","11","false","false","false","true","wheat,gluten,soy","ultra_processed","60","v1.0","synthetic_v2","false"
"AAR0388","8901000000388","NutriCo Millet Bread","NutriCo","Bread & Bakery","Millet Bread","bread_bakery","44.0","270.9","11.9","40.0","4.4","0","3.5","1.0","0.1","5.1","462.0","1.18","Almonds, cashews, raisins, sunflower seeds, salt","13","false","false","false","true","milk","minimally_processed","69","v1.0","synthetic_v2","false"
"AAR0389","8901000000389","QuickMeal Millet Bread Premium","QuickMeal","Bread & Bakery","Millet Bread","bread_bakery","37.0","247.1","8.1","48.2","2.1","2.1","3.4","0.6","0.0","6.8","384.0","0.98","Brown rice, lentils, vegetables, spices, salt","12","false","true","false","true","peanuts,sesame","minimally_processed","71","v1.0","synthetic_v2","false"
"AAR0390","8901000000390","HealthFirst Multigrain Bread","HealthFirst","Bread & Bakery","Multigrain Bread","bread_bakery","44.0","233.6","9.6","50.3","0.0","0.0","1.9","1.9","0.0","6.7","664.0","1.69","Refined wheat flour, sugar, palm oil, glucose syrup, emulsifiers, artificial flavours, salt","9","true","false","false","true","milk,soy","ultra_processed","60","v1.0","synthetic_v2","false"
"AAR0391","8901000000391","SunriseFarm Multigrain Bread","SunriseFarm","Bread & Bakery","Multigrain Bread","bread_bakery","40.0","249.2","8.6","54.4","2.4","0.4","5.3","0.4","0.0","1.4","352.0","0.89","Whole wheat flour, refined flour, sugar, vegetable oil, salt, yeast, emulsifiers","9","true","false","false","true","wheat,gluten,milk","processed","63","v1.0","synthetic_v2","false"
"AAR0392","8901000000392","HealthFirst Millet Bread","HealthFirst","Bread & Bakery","Millet Bread","bread_bakery","43.0","278.8","10.3","46.0","3.9","3.9","6.5","1.3","0.0","2.5","256.0","0.65","Whole wheat flour, oats, seeds, jaggery, sunflower oil, salt","10","true","true","false","true","milk","minimally_processed","70","v1.0","synthetic_v2","false"
"AAR0393","8901000000393","FitBite Multigrain Bread Premium","FitBite","Bread & Bakery","Multigrain Bread","bread_bakery","40.0","269.4","9.3","54.0","3.0","3.0","3.9","0.6","0.1","6.0","436.0","1.11","Almonds, cashews, raisins, sunflower seeds, salt","8","true","true","false","true","milk,soy","minimally_processed","73","v1.0","synthetic_v2","false"
"AAR0394","8901000000394","HealthFirst Millet Bread Premium","HealthFirst","Bread & Bakery","Millet Bread","bread_bakery","41.0","314.7","11.3","50.6","4.8","4.8","5.0","1.2","0.0","4.8","83.0","0.21","Puffed quinoa, amaranth, seeds, coconut sugar, cinnamon","8","true","true","false","true","wheat,gluten,soy","minimally_processed","74","v1.0","synthetic_v2","false"
"AAR0395","8901000000395","SpiceBlend White Bread Premium","SpiceBlend","Bread & Bakery","White Bread","bread_bakery","33.0","294.8","9.5","41.1","5.3","0.5","4.9","1.5","0.1","3.0","524.0","1.33","Refined wheat flour, sugar, palm oil, glucose syrup, emulsifiers, artificial flavours, salt","10","false","false","true","true","milk,soy","ultra_processed","47","v1.0","synthetic_v2","false"
"AAR0396","8901000000396","HarvestGold Whole Wheat Bread","HarvestGold","Bread & Bakery","Whole Wheat Bread","bread_bakery","46.0","268.0","10.2","47.0","5.7","5.7","3.4","1.3","0","2.8","410.0","1.04","Rice flour, corn grits, sunflower oil, spice mix, salt, citric acid","8","true","true","false","true","nuts","processed","63","v1.0","synthetic_v2","false"
"AAR0397","8901000000397","SwiftGrain Sweet Loaf","SwiftGrain","Bread & Bakery","Sweet Loaf","bread_bakery","43.0","249.1","8.9","44.3","6.5","0.0","6.6","0.5","0.1","1.8","607.0","1.54","Refined wheat flour, sugar, palm oil, glucose syrup, emulsifiers, artificial flavours, salt","9","true","false","false","true","milk,soy","ultra_processed","51","v1.0","synthetic_v2","false"
"AAR0398","8901000000398","CrunchWave Millet Bread Premium","CrunchWave","Bread & Bakery","Millet Bread","bread_bakery","28.0","230.1","9.9","41.1","3.7","3.7","5.6","1.2","0.0","6.6","402.0","1.02","Rice flour, corn grits, sunflower oil, spice mix, salt, citric acid","10","true","true","false","true","milk,soy","processed","69","v1.0","synthetic_v2","false"
"AAR0399","8901000000399","SlimChoice Whole Wheat Bread","SlimChoice","Bread & Bakery","Whole Wheat Bread","bread_bakery","44.0","254.4","11.3","41.5","0","0","4.6","0","0.0","11.9","369.0","0.94","Oats, milk powder, sugar, malt extract, salt, vitamins","7","false","false","false","false","","processed","77","v1.0","synthetic_v2","false"
"AAR0400","8901000000400","SwiftGrain Whole Wheat Bread Premium","SwiftGrain","Bread & Bakery","Whole Wheat Bread","bread_bakery","30.0","202.7","9.2","45.7","4.0","3.8","4.5","1.0","0","6.2","267.0","0.68","Refined flour, palm oil, MSG, hydrolyzed soy protein, artificial flavours, salt","10","true","true","false","true","nuts","ultra_processed","62","v1.0","synthetic_v2","false"
"AAR0401","8901000000401","SlimChoice Whole Wheat Bread","SlimChoice","Bread & Bakery","Whole Wheat Bread","bread_bakery","44.0","267.7","9.4","40.0","2.4","2.4","0.8","0.5","0.1","8.6","358.0","0.91","Chickpeas, sunflower oil, spice blend, salt, lemon juice powder","5","true","true","false","true","milk","processed","73","v1.0","synthetic_v2","false"
"AAR0402","8901000000402","CrunchWave Whole Wheat Bread Premium","CrunchWave","Bread & Bakery","Whole Wheat Bread","bread_bakery","36.0","271.5","8.3","48.5","3.8","3.8","2.3","1.8","0.0","4.6","382.0","0.97","Almonds, cashews, raisins, sunflower seeds, salt","8","true","true","false","false","","minimally_processed","70","v1.0","synthetic_v2","false"
"AAR0403","8901000000403","GreenLeaf White Bread Premium","GreenLeaf","Bread & Bakery","White Bread","bread_bakery","30.0","253.4","9.9","47.4","6.9","6.3","1.9","1.9","0","6.5","462.0","1.18","Chickpeas, sunflower oil, spice blend, salt, lemon juice powder","9","false","true","false","true","wheat,gluten","processed","63","v1.0","synthetic_v2","false"
"AAR0404","8901000000404","QuickMeal Multigrain Bread","QuickMeal","Bread & Bakery","Multigrain Bread","bread_bakery","29.0","243.3","8.4","53.8","2.5","1.1","4.2","1.9","0.0","7.9","453.0","1.15","Rolled oats, dried fruits, seeds, honey, coconut oil","7","true","true","false","true","oats,nuts","minimally_processed","75","v1.0","synthetic_v2","false"
"AAR0405","8901000000405","SweetNature Sweet Loaf","SweetNature","Bread & Bakery","Sweet Loaf","bread_bakery","41.0","241.0","10.2","33.9","12.1","5.1","4.3","2.4","0.2","7.2","495.0","1.26","Chickpeas, sunflower oil, spice blend, salt, lemon juice powder","8","true","true","false","true","soy","processed","65","v1.0","synthetic_v2","false"
"AAR0406","8901000000406","HealthFirst Multigrain Bread","HealthFirst","Bread & Bakery","Multigrain Bread","bread_bakery","55.0","243.1","8.3","43.6","0.4","0.4","0.6","0.6","0.0","5.4","348.0","0.88","Rice flour, corn grits, sunflower oil, spice mix, salt, citric acid","11","true","false","false","true","nuts","processed","69","v1.0","synthetic_v2","false"
"AAR0407","8901000000407","TrailBlaze Millet Bread","TrailBlaze","Bread & Bakery","Millet Bread","bread_bakery","36.0","223.9","9.8","44.0","1.5","0","4.9","0.5","0.1","7.5","537.0","1.37","Oats, milk powder, sugar, malt extract, salt, vitamins","9","false","false","false","true","wheat,gluten,milk","processed","68","v1.0","synthetic_v2","false"
"AAR0408","8901000000408","GrainMart White Bread","GrainMart","Bread & Bakery","White Bread","bread_bakery","35.0","270.8","8.8","43.1","9.3","4.2","5.3","0.4","0","3.6","388.0","0.99","Skimmed milk, sugar, stabilizers, flavours, live cultures","8","false","true","false","true","wheat,gluten,milk","processed","59","v1.0","synthetic_v2","false"
"AAR0409","8901000000409","ProSnack Whole Wheat Bread","ProSnack","Bread & Bakery","Whole Wheat Bread","bread_bakery","38.0","212.8","7.8","50.4","6.3","2.3","2.0","0.2","0.0","6.6","493.0","1.25","Whole wheat flour, refined flour, sugar, vegetable oil, salt, yeast, emulsifiers","6","false","true","false","true","milk,soy","processed","63","v1.0","synthetic_v2","false"
"AAR0410","8901000000410","NutriPulse White Bread","NutriPulse","Bread & Bakery","White Bread","bread_bakery","47.0","261.7","8.3","44.4","8.5","6.0","4.3","0","0.1","7.7","362.0","0.92","Rolled oats, dried fruits, seeds, honey, coconut oil","11","true","true","false","true","wheat,gluten,soy","minimally_processed","73","v1.0","synthetic_v2","false"
"AAR0411","8901000000411","PureNature Multigrain Bread","PureNature","Bread & Bakery","Multigrain Bread","bread_bakery","46.0","296.6","10.0","49.9","8.7","4.8","3.0","0.8","0.1","1.8","386.0","0.98","Whole wheat flour, refined flour, sugar, vegetable oil, salt, yeast, emulsifiers","4","false","true","false","true","peanuts,sesame","processed","57","v1.0","synthetic_v2","false"
"AAR0412","8901000000412","MorningBest Whole Wheat Bread Premium","MorningBest","Bread & Bakery","Whole Wheat Bread","bread_bakery","40.0","293.4","11.2","44.7","7.3","4.2","6.5","2.2","0","6.5","493.0","1.26","Refined wheat flour, sugar, palm oil, glucose syrup, emulsifiers, artificial flavours, salt","7","true","true","true","false","","ultra_processed","55","v1.0","synthetic_v2","false"
"AAR0413","8901000000413","CrunchWave Lassi","CrunchWave","Dairy & Dairy Drinks","Lassi","dairy_drinks","166.0","158.7","11.2","4.3","0.3","0.3","6.5","3.1","0.0","0.1","108.0","0.28","Puffed quinoa, amaranth, seeds, coconut sugar, cinnamon","2","false","false","false","true","milk,soy","minimally_processed","69","v1.0","synthetic_v2","false"
"AAR0414","8901000000414","FitBite Flavored Milk Premium","FitBite","Dairy & Dairy Drinks","Flavored Milk","dairy_drinks","103.0","71.2","11.3","7.7","7.7","2.4","0","0","0.0","0","48.0","0.12","Brown rice, lentils, vegetables, spices, salt","8","false","true","false","true","wheat,gluten,milk","minimally_processed","68","v1.0","synthetic_v2","false"
"AAR0415","8901000000415","GrainMart Plain Yoghurt Premium","GrainMart","Dairy & Dairy Drinks","Plain Yoghurt","dairy_drinks","170.0","66.7","13.0","15.6","6.6","0","0","0","0","0.1","66.0","0.17","Skimmed milk, sugar, stabilizers, flavours, live cultures","2","false","false","false","true","wheat,gluten","processed","65","v1.0","synthetic_v2","false"
"AAR0416","8901000000416","PureNature Greek Yoghurt Premium","PureNature","Dairy & Dairy Drinks","Greek Yoghurt","dairy_drinks","45.0","26.1","10.5","9.4","6.3","6.3","11.9","1.9","0.0","0.0","180.0","0.46","Almonds, cashews, raisins, sunflower seeds, salt","7","false","true","false","true","soy","minimally_processed","66","v1.0","synthetic_v2","false"
"AAR0417","8901000000417","SweetNature Greek Yoghurt Premium","SweetNature","Dairy & Dairy Drinks","Greek Yoghurt","dairy_drinks","60.0","74.8","9.1","4.7","4.7","4.7","18.5","4.5","0","0","37.0","0.09","Rolled oats, dried fruits, seeds, honey, coconut oil","4","false","true","false","true","wheat,gluten,milk","minimally_processed","66","v1.0","synthetic_v2","false"
"AAR0418","8901000000418","SwiftGrain Lassi Premium","SwiftGrain","Dairy & Dairy Drinks","Lassi","dairy_drinks","154.0","113.0","0.8","13.2","9.4","0.3","3.9","3.9","0.0","0.0","48.0","0.12","Whole wheat flour, oats, seeds, jaggery, sunflower oil, salt","3","false","false","false","true","soy","minimally_processed","58","v1.0","synthetic_v2","false"
"AAR0419","8901000000419","DairyPure Plain Yoghurt Premium","DairyPure","Dairy & Dairy Drinks","Plain Yoghurt","dairy_drinks","98.0","10","15.7","8.8","8.8","4.4","1.2","1.2","0","0.2","0.0","0.0","Corn syrup, sugar, artificial colours, sodium benzoate, citric acid, preservatives","3","false","true","false","true","wheat,gluten,milk","ultra_processed","58","v1.0","synthetic_v2","false"
"AAR0420","8901000000420","QuickMeal Flavored Yoghurt","QuickMeal","Dairy & Dairy Drinks","Flavored Yoghurt","dairy_drinks","231.0","138.0","6.6","1.8","1.8","1.8","6.9","4.3","0.0","0.2","26.0","0.07","Brown rice, lentils, vegetables, spices, salt","6","false","true","false","false","","minimally_processed","66","v1.0","synthetic_v2","false"
"AAR0421","8901000000421","GreenLeaf Lassi Premium","GreenLeaf","Dairy & Dairy Drinks","Lassi","dairy_drinks","186.0","102.5","0","7.1","2.9","2.9","9.3","0","0","0.1","51.0","0.13","Brown rice, lentils, vegetables, spices, salt","6","false","true","false","true","soy","minimally_processed","62","v1.0","synthetic_v2","false"
"AAR0422","8901000000422","NutriCo Full Cream Milk","NutriCo","Dairy & Dairy Drinks","Full Cream Milk","dairy_drinks","133.0","95.4","5.3","1.9","1.4","1.4","4.6","2.2","0","0","112.0","0.29","Puffed quinoa, amaranth, seeds, coconut sugar, cinnamon","2","false","true","false","true","wheat,gluten","minimally_processed","65","v1.0","synthetic_v2","false"
"AAR0423","8901000000423","SpiceBlend Paneer Premium","SpiceBlend","Dairy & Dairy Drinks","Paneer","dairy_drinks","160.0","113.5","5.6","8.2","8.2","3.9","5.8","0","0","0.1","0","0.0","Brown rice, lentils, vegetables, spices, salt","5","false","true","false","true","wheat,gluten,milk","minimally_processed","64","v1.0","synthetic_v2","false"
"AAR0424","8901000000424","SweetNature Greek Yoghurt","SweetNature","Dairy & Dairy Drinks","Greek Yoghurt","dairy_drinks","149.0","81.9","11.2","9.7","9.7","0","5.1","2.7","0","0.1","176.0","0.45","Oats, milk powder, sugar, malt extract, salt, vitamins","6","false","false","false","true","milk,soy","processed","59","v1.0","synthetic_v2","false"
"AAR0425","8901000000425","PowerFuel Greek Yoghurt","PowerFuel","Dairy & Dairy Drinks","Greek Yoghurt","dairy_drinks","112.0","83.8","3.3","0","0","0","12.2","2.2","0","0.1","4.0","0.01","Whole wheat flour, oats, seeds, jaggery, sunflower oil, salt","5","false","false","false","true","milk","minimally_processed","66","v1.0","synthetic_v2","false"
"AAR0426","8901000000426","DesiGood Lassi","DesiGood","Dairy & Dairy Drinks","Lassi","dairy_drinks","126.0","126.3","8.8","9.2","7.4","6.0","5.4","0","0.0","0","64.0","0.16","Chickpeas, sunflower oil, spice blend, salt, lemon juice powder","12","false","true","false","false","","processed","60","v1.0","synthetic_v2","false"
"AAR0427","8901000000427","DesiGood Paneer","DesiGood","Dairy & Dairy Drinks","Paneer","dairy_drinks","137.0","78.2","0.2","7.3","7.3","7.3","1.8","0","0.0","0","38.0","0.1","Almonds, cashews, raisins, sunflower seeds, salt","4","false","true","false","true","wheat,gluten,soy","minimally_processed","61","v1.0","synthetic_v2","false"
"AAR0428","8901000000428","MorningBest Paneer","MorningBest","Dairy & Dairy Drinks","Paneer","dairy_drinks","71.0","111.0","3.4","6.6","6.6","4.7","4.9","3.6","0.0","0.0","83.0","0.21","Rice flour, corn grits, sunflower oil, spice mix, salt, citric acid","5","false","true","false","true","wheat,gluten,milk","processed","56","v1.0","synthetic_v2","false"
"AAR0429","8901000000429","TrailBlaze Flavored Milk","TrailBlaze","Dairy & Dairy Drinks","Flavored Milk","dairy_drinks","144.0","101.6","9.8","4.5","3.7","1.1","6.9","5.1","0","0.1","66.0","0.17","Almonds, cashews, raisins, sunflower seeds, salt","4","false","true","false","true","milk","minimally_processed","66","v1.0","synthetic_v2","false"
"AAR0430","8901000000430","BakeMaster Plain Yoghurt","BakeMaster","Dairy & Dairy Drinks","Plain Yoghurt","dairy_drinks","141.0","113.6","8.0","19.4","2.7","2.7","2.1","0.3","0","0.0","206.0","0.52","Puffed quinoa, amaranth, seeds, coconut sugar, cinnamon","2","false","true","false","true","milk","minimally_processed","66","v1.0","synthetic_v2","false"
"AAR0431","8901000000431","FitBite Flavored Milk","FitBite","Dairy & Dairy Drinks","Flavored Milk","dairy_drinks","166.0","92.3","0","7.5","7.1","7.1","8.9","1.2","0","0","4.0","0.01","Rolled oats, dried fruits, seeds, honey, coconut oil","2","false","true","false","true","peanuts,sesame","minimally_processed","60","v1.0","synthetic_v2","false"
"AAR0432","8901000000432","MorningBest Flavored Milk","MorningBest","Dairy & Dairy Drinks","Flavored Milk","dairy_drinks","140.0","61.3","2.0","10.7","10.7","0","0","0","0.0","0.0","38.0","0.1","Almonds, cashews, raisins, sunflower seeds, salt","6","false","false","false","true","wheat,gluten,soy","minimally_processed","60","v1.0","synthetic_v2","false"
"AAR0433","8901000000433","ProSnack Paneer","ProSnack","Dairy & Dairy Drinks","Paneer","dairy_drinks","58.0","126.8","0","6.2","6.2","0","12.3","0.9","0","0.1","30.0","0.08","Skimmed milk, sugar, stabilizers, flavours, live cultures","3","false","false","false","true","wheat,gluten","processed","55","v1.0","synthetic_v2","false"
"AAR0434","8901000000434","SunriseFarm Lassi","SunriseFarm","Dairy & Dairy Drinks","Lassi","dairy_drinks","208.0","126.3","5.0","3.8","3.8","2.8","2.2","2.2","0.0","0.2","132.0","0.34","Refined wheat flour, sugar, palm oil, glucose syrup, emulsifiers, artificial flavours, salt","3","false","true","true","true","milk,soy","ultra_processed","47","v1.0","synthetic_v2","false"
"AAR0435","8901000000435","SlimChoice Flavored Milk","SlimChoice","Dairy & Dairy Drinks","Flavored Milk","dairy_drinks","124.0","33.8","6.8","8.5","1.6","1.6","6.3","3.4","0.0","0.0","35.0","0.09","Whole wheat flour, oats, seeds, jaggery, sunflower oil, salt","2","false","true","false","true","wheat,gluten,soy","minimally_processed","67","v1.0","synthetic_v2","false"
"AAR0436","8901000000436","HealthFirst Flavored Yoghurt","HealthFirst","Dairy & Dairy Drinks","Flavored Yoghurt","dairy_drinks","240.0","160.3","6.6","6.9","2.4","2.4","0","0","0.0","0.1","108.0","0.27","Rice flour, corn grits, sunflower oil, spice mix, salt, citric acid","6","false","true","false","true","milk","processed","61","v1.0","synthetic_v2","false"
"AAR0437","8901000000437","MorningBest Flavored Milk","MorningBest","Dairy & Dairy Drinks","Flavored Milk","dairy_drinks","188.0","32.5","5.3","9.5","9.5","0","9.9","2.9","0.0","0","18.0","0.05","Brown rice, lentils, vegetables, spices, salt","6","false","false","false","true","wheat,gluten","minimally_processed","62","v1.0","synthetic_v2","false"
"AAR0438","8901000000438","SunriseFarm Full Cream Milk","SunriseFarm","Dairy & Dairy Drinks","Full Cream Milk","dairy_drinks","109.0","123.7","6.4","5.0","0.0","0.0","6.4","0.1","0","0","0.0","0.0","Sugar, vegetable fat, skim milk powder, glucose syrup, emulsifiers, artificial vanilla","2","false","false","false","true","milk,soy","ultra_processed","55","v1.0","synthetic_v2","false"
"AAR0439","8901000000439","EarthFoods Greek Yoghurt","EarthFoods","Dairy & Dairy Drinks","Greek Yoghurt","dairy_drinks","205.0","61.4","3.2","0","0","0","1.0","1.0","0.0","0.1","19.0","0.05","Rolled oats, dried fruits, seeds, honey, coconut oil","3","false","false","false","true","wheat,gluten","minimally_processed","67","v1.0","synthetic_v2","false"
"AAR0440","8901000000440","CleanEat Greek Yoghurt","CleanEat","Dairy & Dairy Drinks","Greek Yoghurt","dairy_drinks","111.0","19.9","9.8","14.5","14.5","0","7.6","1.5","0.0","0","0","0.0","Skimmed milk, sugar, stabilizers, flavours, live cultures","5","false","false","false","true","soy","processed","59","v1.0","synthetic_v2","false"
"AAR0441","8901000000441","SpiceBlend Flavored Yoghurt","SpiceBlend","Dairy & Dairy Drinks","Flavored Yoghurt","dairy_drinks","229.0","51.2","9.5","13.1","10.0","10.0","6.4","0","0.0","0","106.0","0.27","Brown rice, lentils, vegetables, spices, salt","6","false","true","false","true","soy","minimally_processed","65","v1.0","synthetic_v2","false"
"AAR0442","8901000000442","BakeMaster Flavored Milk Premium","BakeMaster","Dairy & Dairy Drinks","Flavored Milk","dairy_drinks","193.0","12.7","2.4","14.6","6.2","4.4","7.9","4.2","0.0","0","44.0","0.11","Skimmed milk, sugar, stabilizers, flavours, live cultures","6","false","true","false","true","wheat,gluten,soy","processed","56","v1.0","synthetic_v2","false"
"AAR0443","8901000000443","CrunchWave Full Cream Milk Premium","CrunchWave","Dairy & Dairy Drinks","Full Cream Milk","dairy_drinks","117.0","68.4","11.4","7.4","2.7","0.2","0.1","0.1","0.0","0","69.0","0.18","Oats, milk powder, sugar, malt extract, salt, vitamins","4","false","false","false","true","oats,nuts","processed","65","v1.0","synthetic_v2","false"
"AAR0444","8901000000444","HarvestGold Flavored Yoghurt","HarvestGold","Dairy & Dairy Drinks","Flavored Yoghurt","dairy_drinks","124.0","12.0","5.5","7.0","7.0","5.1","0","0","0.0","0.0","60.0","0.15","Whole wheat flour, oats, seeds, jaggery, sunflower oil, salt","5","false","true","false","true","peanuts,sesame","minimally_processed","65","v1.0","synthetic_v2","false"
"AAR0445","8901000000445","PowerFuel Full Cream Milk","PowerFuel","Dairy & Dairy Drinks","Full Cream Milk","dairy_drinks","133.0","101.4","0","5.3","5.3","5.3","9.9","0.6","0","0","20.0","0.05","Rice flour, corn grits, sunflower oil, spice mix, salt, citric acid","7","false","true","false","true","nuts","processed","56","v1.0","synthetic_v2","false"
"AAR0446","8901000000446","SlimChoice Paneer","SlimChoice","Dairy & Dairy Drinks","Paneer","dairy_drinks","181.0","32.6","8.4","0","0","0","12.0","1.8","0","0","62.0","0.16","Brown rice, lentils, vegetables, spices, salt","6","false","false","false","true","wheat,gluten","minimally_processed","69","v1.0","synthetic_v2","false"
"AAR0447","8901000000447","SpiceBlend Flavored Milk","SpiceBlend","Dairy & Dairy Drinks","Flavored Milk","dairy_drinks","153.0","87.5","11.7","5.3","5.3","0","0.4","0","0","0","66.0","0.17","Rice flour, corn grits, sunflower oil, spice mix, salt, citric acid","2","false","false","false","true","milk,soy","processed","64","v1.0","synthetic_v2","false"
"AAR0448","8901000000448","SunriseFarm Flavored Yoghurt","SunriseFarm","Dairy & Dairy Drinks","Flavored Yoghurt","dairy_drinks","172.0","71.4","0","14.8","5.5","1.6","11.7","0","0","0","57.0","0.14","Puffed quinoa, amaranth, seeds, coconut sugar, cinnamon","7","false","true","false","true","wheat,gluten","minimally_processed","61","v1.0","synthetic_v2","false"
"AAR0449","8901000000449","DesiGood Lassi","DesiGood","Dairy & Dairy Drinks","Lassi","dairy_drinks","218.0","195.7","0","11.0","5.0","1.3","1.7","0.2","0.0","0.1","80.0","0.2","Corn syrup, sugar, artificial colours, sodium benzoate, citric acid, preservatives","2","false","true","false","true","milk","ultra_processed","47","v1.0","synthetic_v2","false"
"AAR0450","8901000000450","GrainMart Full Cream Milk","GrainMart","Dairy & Dairy Drinks","Full Cream Milk","dairy_drinks","55.0","20.1","0","4.5","4.5","4.5","5.2","0","0.0","0.0","97.0","0.25","Whole wheat flour, oats, seeds, jaggery, sunflower oil, salt","5","false","true","false","true","nuts","minimally_processed","62","v1.0","synthetic_v2","false"
"AAR0451","8901000000451","MorningBest Plain Yoghurt Premium","MorningBest","Dairy & Dairy Drinks","Plain Yoghurt","dairy_drinks","124.0","26.6","4.7","10.7","7.5","0","4.5","0","0.0","0","116.0","0.29","Oats, milk powder, sugar, malt extract, salt, vitamins","3","false","false","false","true","milk,soy","processed","58","v1.0","synthetic_v2","false"
"AAR0452","8901000000452","MorningBest Flavored Milk","MorningBest","Dairy & Dairy Drinks","Flavored Milk","dairy_drinks","196.0","45.6","10.4","4.5","4.5","2.1","0","0","0","0.0","0.0","0.0","Whole wheat flour, refined flour, sugar, vegetable oil, salt, yeast, emulsifiers","4","false","true","false","true","milk,soy","processed","65","v1.0","synthetic_v2","false"
"AAR0453","8901000000453","CrunchWave Flavored Milk Premium","CrunchWave","Dairy & Dairy Drinks","Flavored Milk","dairy_drinks","184.0","72.0","9.5","12.8","6.9","0.1","0","0","0","0.0","43.0","0.11","Chickpeas, sunflower oil, spice blend, salt, lemon juice powder","3","false","false","false","true","oats,nuts","processed","62","v1.0","synthetic_v2","false"
"AAR0454","8901000000454","MorningBest Flavored Yoghurt","MorningBest","Dairy & Dairy Drinks","Flavored Yoghurt","dairy_drinks","82.0","77.4","11.8","9.7","6.7","1.0","1.7","0.4","0","0.1","49.0","0.12","Almonds, cashews, raisins, sunflower seeds, salt","10","false","false","false","true","oats,nuts","minimally_processed","69","v1.0","synthetic_v2","false"
"AAR0455","8901000000455","NutriPulse Greek Yoghurt Premium","NutriPulse","Dairy & Dairy Drinks","Greek Yoghurt","dairy_drinks","98.0","94.4","0.2","5.8","5.8","5.8","0","0","0.0","0","46.0","0.12","Oats, milk powder, sugar, malt extract, salt, vitamins","4","false","true","false","false","","processed","56","v1.0","synthetic_v2","false"
"AAR0456","8901000000456","PureNature Lassi","PureNature","Dairy & Dairy Drinks","Lassi","dairy_drinks","226.0","78.4","9.5","13.5","3.3","0","4.4","3.2","0.0","0","66.0","0.17","Brown rice, lentils, vegetables, spices, salt","6","false","false","false","true","peanuts,sesame","minimally_processed","67","v1.0","synthetic_v2","false"
"AAR0457","8901000000457","NutriPulse Plain Yoghurt Premium","NutriPulse","Dairy & Dairy Drinks","Plain Yoghurt","dairy_drinks","154.0","63.2","4.2","7.2","7.2","3.1","4.4","1.3","0.0","0.2","82.0","0.21","Whole wheat flour, oats, seeds, jaggery, sunflower oil, salt","5","false","true","false","false","","minimally_processed","63","v1.0","synthetic_v2","false"
"AAR0458","8901000000458","HarvestGold Flavored Yoghurt","HarvestGold","Dairy & Dairy Drinks","Flavored Yoghurt","dairy_drinks","172.0","10","9.9","8.7","8.7","0.4","2.8","1.5","0.0","0","164.0","0.42","Brown rice, lentils, vegetables, spices, salt","2","false","false","false","true","milk","minimally_processed","65","v1.0","synthetic_v2","false"
"AAR0459","8901000000459","SlimChoice Plain Yoghurt","SlimChoice","Dairy & Dairy Drinks","Plain Yoghurt","dairy_drinks","97.0","74.2","3.6","0","0","0","6.9","2.9","0","0","102.0","0.26","Puffed quinoa, amaranth, seeds, coconut sugar, cinnamon","2","false","false","false","true","wheat,gluten,milk","minimally_processed","65","v1.0","synthetic_v2","false"
"AAR0460","8901000000460","QuickMeal Flavored Yoghurt","QuickMeal","Dairy & Dairy Drinks","Flavored Yoghurt","dairy_drinks","88.0","69.8","5.9","8.7","8.7","7.2","5.7","5.5","0","0.1","91.0","0.23","Whole wheat flour, oats, seeds, jaggery, sunflower oil, salt","2","false","true","false","true","peanuts,sesame","minimally_processed","61","v1.0","synthetic_v2","false"
"AAR0461","8901000000461","SpiceBlend Tomato Ketchup","SpiceBlend","Sauces & Condiments","Tomato Ketchup","sauces_condiments","33.0","75.4","0.5","28.5","7.9","3.1","0.7","0.7","0.1","0.8","1113.0","2.83","Refined flour, palm oil, MSG, hydrolyzed soy protein, artificial flavours, salt","9","false","true","false","true","oats,nuts","ultra_processed","38","v1.0","synthetic_v2","false"
"AAR0462","8901000000462","BakeMaster Pickle","BakeMaster","Sauces & Condiments","Pickle","sauces_condiments","32.0","281.6","1.8","15.8","15.8","0.5","3.8","0","0.1","2.7","2038.0","5.19","Corn grits, sugar, artificial colours, sodium benzoate, artificial flavours","11","false","false","false","false","","ultra_processed","31","v1.0","synthetic_v2","false"
"AAR0463","8901000000463","GrainMart Tomato Ketchup","GrainMart","Sauces & Condiments","Tomato Ketchup","sauces_condiments","19.0","113.5","0","46.5","19.6","6.6","23.9","0","0.1","0.8","1156.0","2.94","Whole wheat flour, refined flour, sugar, vegetable oil, salt, yeast, emulsifiers","6","false","true","false","true","wheat,gluten,milk","processed","39","v1.0","synthetic_v2","false"
"AAR0464","8901000000464","PureNature Mayonnaise Premium","PureNature","Sauces & Condiments","Mayonnaise","sauces_condiments","31.0","157.6","3.1","17.6","17.6","0.5","7.7","0.3","0.1","1.0","1176.0","2.99","Oats, milk powder, sugar, malt extract, salt, vitamins","14","false","false","false","true","wheat,gluten,milk","processed","41","v1.0","synthetic_v2","false"
"AAR0465","8901000000465","GreenLeaf Hot Sauce Premium","GreenLeaf","Sauces & Condiments","Hot Sauce","sauces_condiments","10","177.3","0.0","18.0","9.1","9.1","3.5","0","0","0.3","1271.0","3.23","Refined flour, palm oil, MSG, hydrolyzed soy protein, artificial flavours, salt","12","false","true","false","false","","ultra_processed","33","v1.0","synthetic_v2","false"
"AAR0466","8901000000466","MorningBest Tomato Ketchup","MorningBest","Sauces & Condiments","Tomato Ketchup","sauces_condiments","14.0","340.0","3.0","41.0","18.7","18.7","0","0","0","2.2","1516.0","3.86","Chickpeas, sunflower oil, spice blend, salt, lemon juice powder","10","false","true","false","true","soy","processed","36","v1.0","synthetic_v2","false"
"AAR0467","8901000000467","ProSnack Pickle","ProSnack","Sauces & Condiments","Pickle","sauces_condiments","18.0","74.6","2.1","33.7","0","0","4.7","1.7","0.1","0.8","859.0","2.18","Chickpeas, sunflower oil, spice blend, salt, lemon juice powder","15","true","false","false","false","","processed","56","v1.0","synthetic_v2","false"
"AAR0468","8901000000468","GrainMart Green Chutney","GrainMart","Sauces & Condiments","Green Chutney","sauces_condiments","15.0","191.9","1.8","0.2","0.2","0.2","8.5","2.8","0.1","2.0","1218.0","3.1","Refined flour, palm oil, MSG, hydrolyzed soy protein, artificial flavours, salt","2","false","false","false","false","","ultra_processed","40","v1.0","synthetic_v2","false"
"AAR0469","8901000000469","QuickMeal Tomato Ketchup","QuickMeal","Sauces & Condiments","Tomato Ketchup","sauces_condiments","23.0","133.2","1.0","23.5","12.2","8.5","0","0","0.0","2.7","861.0","2.19","Skimmed milk, sugar, stabilizers, flavours, live cultures","15","false","true","false","true","wheat,gluten,milk","processed","48","v1.0","synthetic_v2","false"
"AAR0470","8901000000470","SpiceBlend Pickle","SpiceBlend","Sauces & Condiments","Pickle","sauces_condiments","17.0","68.9","2.1","7.6","7.6","7.6","11.6","0","0.1","3.1","646.0","1.64","Refined flour, palm oil, MSG, hydrolyzed soy protein, artificial flavours, salt","12","false","true","false","true","soy","ultra_processed","47","v1.0","synthetic_v2","false"
"AAR0471","8901000000471","CrunchWave Mayonnaise","CrunchWave","Sauces & Condiments","Mayonnaise","sauces_condiments","18.0","228.6","0.7","0","0","0","0","0","0.0","2.4","1276.0","3.25","Skimmed milk, sugar, stabilizers, flavours, live cultures","12","true","false","false","true","milk","processed","51","v1.0","synthetic_v2","false"
"AAR0472","8901000000472","TrailBlaze Pickle","TrailBlaze","Sauces & Condiments","Pickle","sauces_condiments","20.0","136.9","3.2","5.7","4.3","4.3","7.5","4.3","0.0","0.9","531.0","1.35","Whole wheat flour, refined flour, sugar, vegetable oil, salt, yeast, emulsifiers","6","false","true","false","true","wheat,gluten,milk","processed","53","v1.0","synthetic_v2","false"
"AAR0473","8901000000473","SweetNature Hot Sauce Premium","SweetNature","Sauces & Condiments","Hot Sauce","sauces_condiments","10","101.2","0","27.7","27.1","0.0","24.0","6.5","0.1","0.4","2500","6.36","Corn syrup, sugar, artificial colours, sodium benzoate, citric acid, preservatives","12","false","false","false","true","oats,nuts","ultra_processed","21","v1.0","synthetic_v2","false"
"AAR0474","8901000000474","SwiftGrain Hot Sauce Premium","SwiftGrain","Sauces & Condiments","Hot Sauce","sauces_condiments","33.0","168.0","3.5","23.0","8.0","1.5","3.9","0","0.1","0.4","302.0","0.77","Skimmed milk, sugar, stabilizers, flavours, live cultures","10","false","true","false","true","nuts","processed","54","v1.0","synthetic_v2","false"
"AAR0475","8901000000475","NutriPulse Mayonnaise","NutriPulse","Sauces & Condiments","Mayonnaise","sauces_condiments","19.0","23.2","1.2","19.0","0","0","0","0","0.0","0.6","602.0","1.53","Chickpeas, sunflower oil, spice blend, salt, lemon juice powder","14","false","false","false","true","soy","processed","56","v1.0","synthetic_v2","false"
"AAR0476","8901000000476","DesiGood Hot Sauce","DesiGood","Sauces & Condiments","Hot Sauce","sauces_condiments","21.0","147.5","1.2","18.8","8.2","8.2","0","0","0.0","0.2","2157.0","5.49","Corn grits, sugar, artificial colours, sodium benzoate, artificial flavours","7","false","true","false","true","milk,soy","ultra_processed","33","v1.0","synthetic_v2","false"
"AAR0477","8901000000477","GrainMart Green Chutney","GrainMart","Sauces & Condiments","Green Chutney","sauces_condiments","12.0","235.7","2.1","23.5","10.7","10.7","4.9","2.6","0","0.6","2066.0","5.26","Corn syrup, sugar, artificial colours, sodium benzoate, citric acid, preservatives","9","false","true","false","true","milk,soy","ultra_processed","30","v1.0","synthetic_v2","false"
"AAR0478","8901000000478","HealthFirst Salad Dressing","HealthFirst","Sauces & Condiments","Salad Dressing","sauces_condiments","14.0","105.2","0","0","0","0","7.4","1.2","0.1","2.0","824.0","2.1","Oats, milk powder, sugar, malt extract, salt, vitamins","10","false","false","false","true","soy","processed","53","v1.0","synthetic_v2","false"
"AAR0479","8901000000479","DairyPure Hot Sauce Premium","DairyPure","Sauces & Condiments","Hot Sauce","sauces_condiments","16.0","207.9","3.6","9.2","9.2","9.2","0","0","0","0","1361.0","3.46","Corn syrup, sugar, artificial colours, sodium benzoate, citric acid, preservatives","12","true","true","false","false","","ultra_processed","37","v1.0","synthetic_v2","false"
"AAR0480","8901000000480","SweetNature Tomato Ketchup","SweetNature","Sauces & Condiments","Tomato Ketchup","sauces_condiments","15.0","148.2","0.0","17.4","0.0","0.0","0","0","0","1.6","998.0","2.54","Refined wheat flour, sugar, palm oil, glucose syrup, emulsifiers, artificial flavours, salt","15","false","false","false","true","wheat,gluten,milk","ultra_processed","43","v1.0","synthetic_v2","false"
"AAR0481","8901000000481","ProSnack Tomato Ketchup Premium","ProSnack","Sauces & Condiments","Tomato Ketchup","sauces_condiments","39.0","152.9","2.3","4.3","0.0","0.0","4.2","2.8","0.0","1.2","326.0","0.83","Refined flour, palm oil, MSG, hydrolyzed soy protein, artificial flavours, salt","11","false","false","false","true","peanuts,sesame","ultra_processed","49","v1.0","synthetic_v2","false"
"AAR0482","8901000000482","HarvestGold Hot Sauce","HarvestGold","Sauces & Condiments","Hot Sauce","sauces_condiments","25.0","219.8","0.2","22.3","0.0","0.0","3.7","1.6","0.1","0","814.0","2.07","Corn syrup, sugar, artificial colours, sodium benzoate, citric acid, preservatives","20","false","false","false","false","","ultra_processed","41","v1.0","synthetic_v2","false"
"AAR0483","8901000000483","GrainMart Mayonnaise","GrainMart","Sauces & Condiments","Mayonnaise","sauces_condiments","17.0","136.2","2.4","16.5","16.5","0.0","9.1","0","0","1.3","1243.0","3.16","Refined flour, palm oil, MSG, hydrolyzed soy protein, artificial flavours, salt","11","false","false","false","true","wheat,gluten","ultra_processed","33","v1.0","synthetic_v2","false"
"AAR0484","8901000000484","NutriCo Pickle","NutriCo","Sauces & Condiments","Pickle","sauces_condiments","10","459.8","1.1","25.1","7.4","7.4","5.1","0.7","0.1","2.2","1241.0","3.16","Refined wheat flour, sugar, palm oil, glucose syrup, emulsifiers, artificial flavours, salt","10","false","true","false","true","milk","ultra_processed","33","v1.0","synthetic_v2","false"
"AAR0485","8901000000485","DesiGood Green Chutney","DesiGood","Sauces & Condiments","Green Chutney","sauces_condiments","10","420.3","1.2","33.4","33.4","17.3","0","0","0.0","0.2","1262.0","3.21","Sugar, vegetable fat, skim milk powder, glucose syrup, emulsifiers, artificial vanilla","10","false","true","false","true","wheat,gluten,soy","ultra_processed","18","v1.0","synthetic_v2","false"
"AAR0486","8901000000486","CleanEat Hot Sauce","CleanEat","Sauces & Condiments","Hot Sauce","sauces_condiments","18.0","153.4","1.9","2.4","2.4","2.4","0","0","0.0","1.2","1878.0","4.78","Refined flour, palm oil, MSG, hydrolyzed soy protein, artificial flavours, salt","11","false","true","false","true","oats,nuts","ultra_processed","37","v1.0","synthetic_v2","false"
"AAR0487","8901000000487","GrainMart Pickle","GrainMart","Sauces & Condiments","Pickle","sauces_condiments","10","39.7","2.7","20.6","10.8","0.0","25.3","0","0.0","1.4","548.0","1.39","Refined flour, palm oil, MSG, hydrolyzed soy protein, artificial flavours, salt","3","false","false","false","true","soy","ultra_processed","45","v1.0","synthetic_v2","false"
"AAR0488","8901000000488","TrailBlaze Hot Sauce","TrailBlaze","Sauces & Condiments","Hot Sauce","sauces_condiments","10","222.1","0.7","59.0","2.1","1.9","1.2","1.2","0.0","1.6","509.0","1.29","Whole wheat flour, oats, seeds, jaggery, sunflower oil, salt","4","false","true","false","true","nuts","minimally_processed","58","v1.0","synthetic_v2","false"
"AAR0489","8901000000489","GrainMart Mayonnaise Premium","GrainMart","Sauces & Condiments","Mayonnaise","sauces_condiments","13.0","10","0.7","13.8","6.4","6.4","22.7","0.8","0","0.4","660.0","1.68","Oats, milk powder, sugar, malt extract, salt, vitamins","9","false","true","false","true","peanuts,sesame","processed","51","v1.0","synthetic_v2","false"
"AAR0490","8901000000490","SpiceBlend Hot Sauce","SpiceBlend","Sauces & Condiments","Hot Sauce","sauces_condiments","12.0","84.7","0.9","9.1","9.1","9.1","0","0","0.0","0","1368.0","3.48","Refined flour, palm oil, MSG, hydrolyzed soy protein, artificial flavours, salt","13","false","true","true","true","wheat,gluten,soy","ultra_processed","31","v1.0","synthetic_v2","false"
"AAR0491","8901000000491","GreenLeaf Green Chutney","GreenLeaf","Sauces & Condiments","Green Chutney","sauces_condiments","18.0","10","3.6","27.4","0.0","0.0","28.1","0.0","0.0","0","988.0","2.51","Refined wheat flour, sugar, palm oil, glucose syrup, emulsifiers, artificial flavours, salt","14","false","false","false","true","peanuts,sesame","ultra_processed","45","v1.0","synthetic_v2","false"
"AAR0492","8901000000492","GrainMart Mayonnaise","GrainMart","Sauces & Condiments","Mayonnaise","sauces_condiments","18.0","10.1","0","24.3","24.3","0","21.0","1.6","0.1","0.9","0","0.0","Rice flour, corn grits, sunflower oil, spice mix, salt, citric acid","16","false","false","false","true","nuts","processed","48","v1.0","synthetic_v2","false"
"AAR0493","8901000000493","QuickMeal Salad Dressing","QuickMeal","Sauces & Condiments","Salad Dressing","sauces_condiments","18.0","60.6","0.9","15.5","0.0","0.0","0","0","0.0","2.3","1381.0","3.51","Refined flour, palm oil, MSG, hydrolyzed soy protein, artificial flavours, salt","8","false","false","true","true","wheat,gluten","ultra_processed","39","v1.0","synthetic_v2","false"
"AAR0494","8901000000494","PureNature Salad Dressing","PureNature","Sauces & Condiments","Salad Dressing","sauces_condiments","27.0","229.8","0","27.0","1.0","1.0","9.9","2.8","0.1","0","722.0","1.84","Sugar, vegetable fat, skim milk powder, glucose syrup, emulsifiers, artificial vanilla","12","true","false","false","true","peanuts,sesame","ultra_processed","44","v1.0","synthetic_v2","false"
"AAR0495","8901000000495","CrunchWave Mayonnaise","CrunchWave","Sauces & Condiments","Mayonnaise","sauces_condiments","32.0","268.1","2.1","4.5","4.4","4.4","0","0","0.0","2.2","268.0","0.68","Chickpeas, sunflower oil, spice blend, salt, lemon juice powder","20","false","true","false","true","peanuts,sesame","processed","56","v1.0","synthetic_v2","false"
"AAR0496","8901000000496","TrailBlaze Mayonnaise","TrailBlaze","Sauces & Condiments","Mayonnaise","sauces_condiments","21.0","17.9","2.7","18.0","0.0","0.0","18.0","0.3","0.1","0","393.0","1.0","Corn syrup, sugar, artificial colours, sodium benzoate, citric acid, preservatives","12","false","false","false","true","wheat,gluten,soy","ultra_processed","50","v1.0","synthetic_v2","false"
"AAR0497","8901000000497","ProSnack Hot Sauce","ProSnack","Sauces & Condiments","Hot Sauce","sauces_condiments","20.0","78.3","2.7","25.4","25.4","12.7","15.2","0.6","0.2","0.2","2265.0","5.76","Sugar, vegetable fat, skim milk powder, glucose syrup, emulsifiers, artificial vanilla","6","false","true","true","true","peanuts,sesame","ultra_processed","23","v1.0","synthetic_v2","false"
"AAR0498","8901000000498","CleanEat Pickle Premium","CleanEat","Sauces & Condiments","Pickle","sauces_condiments","24.0","286.8","1.7","29.9","29.9","18.8","0.9","0.9","0.1","1.7","50.0","0.13","Corn syrup, sugar, artificial colours, sodium benzoate, citric acid, preservatives","9","false","true","false","true","milk,soy","ultra_processed","36","v1.0","synthetic_v2","false"
"AAR0499","8901000000499","HarvestGold Tomato Ketchup","HarvestGold","Sauces & Condiments","Tomato Ketchup","sauces_condiments","12.0","315.3","2.4","21.4","21.4","1.2","27.5","5.5","0.1","2.6","874.0","2.22","Refined flour, palm oil, MSG, hydrolyzed soy protein, artificial flavours, salt","12","false","true","true","true","wheat,gluten","ultra_processed","29","v1.0","synthetic_v2","false"
"AAR0500","8901000000500","SweetNature Pickle","SweetNature","Sauces & Condiments","Pickle","sauces_condiments","25.0","193.5","0.9","25.5","21.2","1.2","14.2","3.2","0.1","2.2","537.0","1.37","Corn grits, sugar, artificial colours, sodium benzoate, artificial flavours","7","false","true","false","false","","ultra_processed","36","v1.0","synthetic_v2","false"
